-- phpMyAdmin SQL Dump
-- version 4.9.7
-- https://www.phpmyadmin.net/
--
-- Host: localhost:3306
-- Generation Time: Jul 15, 2022 at 12:35 PM
-- Server version: 10.5.15-MariaDB-cll-lve
-- PHP Version: 7.4.29

SET SQL_MODE = "NO_AUTO_VALUE_ON_ZERO";
SET AUTOCOMMIT = 0;
START TRANSACTION;
SET time_zone = "+00:00";


/*!40101 SET @OLD_CHARACTER_SET_CLIENT=@@CHARACTER_SET_CLIENT */;
/*!40101 SET @OLD_CHARACTER_SET_RESULTS=@@CHARACTER_SET_RESULTS */;
/*!40101 SET @OLD_COLLATION_CONNECTION=@@COLLATION_CONNECTION */;
/*!40101 SET NAMES utf8mb4 */;

--
-- Database: `u8514965_keuangan_utsman`
--

-- --------------------------------------------------------

--
-- Table structure for table `akun_keuangan`
--

CREATE TABLE `akun_keuangan` (
  `id_akun_keuangan` int(15) NOT NULL,
  `nama_akun` text DEFAULT NULL,
  `password` text DEFAULT NULL,
  `email_akun` text DEFAULT NULL,
  `nomor_handphone_akun` text DEFAULT NULL,
  `role_akun` varchar(5) DEFAULT NULL,
  `updated_at` datetime DEFAULT NULL,
  `inserted_at` datetime NOT NULL DEFAULT current_timestamp(),
  `status_akun` varchar(5) DEFAULT '1'
) ENGINE=InnoDB DEFAULT CHARSET=latin1;

--
-- Dumping data for table `akun_keuangan`
--

INSERT INTO `akun_keuangan` (`id_akun_keuangan`, `nama_akun`, `password`, `email_akun`, `nomor_handphone_akun`, `role_akun`, `updated_at`, `inserted_at`, `status_akun`) VALUES
(4, 'Pembina Utama', '$2y$12$OyrqBywLY0n6y99JAzs7ueYjAyg.vcThnIwURjpEeQdFCx8tST8ZG', 'fatonianggris@gmail.com', '0895367047789', '1', '2021-10-29 13:31:19', '2021-09-29 22:10:59', '1'),
(6, 'pengawas utama', '$2y$12$G7xa7bynVT6Iw3/dDWnqVu6yev6bhDha8qappC9rcXPA0YxagBqbq', 'mfatonianggris@gmail.com', '089323131324', '3', '2021-10-29 13:30:38', '2021-10-20 05:04:27', '1'),
(7, 'Ketua Yayasan', '$2y$12$Say8LOs5XpOwiRyfBiEWR.t7V9eHVP.tX3RTy4g7iCD27e2WaVR/q', 'baihaqi.sby5@gmail.com', '08123033942', '2', '2021-11-05 12:54:44', '2021-10-29 18:42:25', '1'),
(8, 'Sekertaris I', '$2y$12$s9CjGIrC3xzcugJSUxG9h.6POrNmtm6WN93c6pHtkBdWpDWqnGcyy', 'endangahadnet@gmail.com', '081911183596', '4', '2021-11-05 02:18:41', '2021-10-29 18:43:07', '1'),
(9, 'Bendahara II', '$2y$12$BKSLPLm/oARvXj30xed3seJVdITVulmpxlatLVcooRDKSLJeazV5C', 'khairiyyahaisyah16@gmail.com', '087763134390', '5', '2021-11-05 02:19:16', '2021-10-29 18:44:04', '1'),
(10, 'BID. Pendidikan', '$2y$12$b6571hAd7ozJ5TY.T8BTjul/rB8Nk/Evpp7FJtgTgNYRAG6kENryq', 'arqe.qu@gmail.com', '08113444001', '6', '2021-11-05 02:20:31', '2021-10-29 18:44:59', '1'),
(11, 'BID. KEAGAMAAN', '$2y$12$hC2wPxP4C/GAN5oyfBJwKuvjzurM/DF89YMvDwP99EP36evCog7Im', 'azzuhairy10@gmail.com', '081316339696', '7', '2021-11-05 12:57:28', '2021-10-29 18:47:14', '1'),
(12, 'BID. SOSIAL I', '$2y$12$kRLCId7.4O7bnYJ6xt8q3uo6V8xv0hWnvwuuyHd4VscvVsG0L/I/m', 'azizhap28@gmail.com', '082230014472', '8', '2021-11-06 01:57:17', '2021-10-29 18:55:38', '1'),
(13, 'BID. SARPRAS', '$2y$12$z86Gu890IzUdufSF8F.DQefzMqwrLyf5cqBfjK2Ueb/R2yF8imota', 'raharjobasuki980@gmail.com', '081217881360', '9', '2021-11-05 13:00:09', '2021-10-29 20:10:54', '1'),
(14, 'UNIT KBTK', '$2y$12$2GHwxXaq28gnChcRd5E65OqZs2FAg5J7E5renf0oISwMrnvmMNq6S', 'pgtkit.utsmanbinaffan@gmail.com', '0895367047789', '13', '2021-11-09 13:32:44', '2021-11-04 12:58:29', '1'),
(15, 'PEGAWAI TU ', '$2y$12$u8AGU.TtuEDG0t/1NgBM5.iOfL9ShPegcITT1.RsGZdVPLzrhwKeG', 'tities.pris79@gmail.com', '082211286287', '11', '2021-11-05 02:17:29', '2021-11-04 13:08:56', '1'),
(16, 'BID. SOSIAL II', '$2y$12$c4wcLH/S0105bqZsgTuKJOx8qHa5D4fHGnSBxj2LPQsJOaKMAMGJ6', 'ifarahaulia10@gmail.com', '089687010417', '8', NULL, '2021-11-05 09:22:52', '1'),
(17, 'SEKRETARIS II', '$2y$12$6S5r3ffoK02XiPPrNfX/zeXR3vsS8iJ16ZPruAbyFHhlU0c1dc7W2', 'sasasalsabila602@gmail.com', '089603979642', '4', NULL, '2021-11-05 19:56:02', '1'),
(18, 'BID. DANUS', '$2y$12$lwnoU1g2hNIt3PZQXGrRVuv7de5BH4AIO8bcy4604Aw5yYLnvVdSe', 'ifamualifah82@gmail.com', '081553123909', '10', NULL, '2021-11-05 19:59:06', '1'),
(19, 'UNIT SD', '$2y$12$wz3o5mQsofvVngO4gaA2y.B/.NFiS0Y0EV4EQsXodCmVSJwrUXSKm', 'sekolahutsmanbinaffan1@gmail.com', '087763134390', '13', '2021-11-24 00:13:43', '2021-11-08 10:03:53', '1'),
(20, 'UNIT SMP', '$2y$12$e2E8/8COQgcy6T1/fe7I8.CWlx7Sm8bLEiMTbrQca0P.cZcDSYt4.', 'smpituba35@gmail.com', '087763134390', '13', NULL, '2021-11-08 10:04:31', '1'),
(21, 'AQ', '$2y$12$lmGHM6kRTOkVDVGJCObdn.R1fso1TOvc4SM0VJZ2kk8cvQIFONRm.', 'qurani.usman2122@gmail.com', '087763134390', '13', NULL, '2021-11-08 10:06:00', '1'),
(22, 'BENDAHARA I', '$2y$12$dv6BbOkgjIUPn6lY2rfZreRbcdNISWOIBcxKzTzjNZXIx1OuK0av6', 'lilik.sby76@gmail.com', '085335093384', '5', NULL, '2021-11-09 17:25:18', '1'),
(23, 'PEMBINA I', '$2y$12$tyzO9SDBTGHFZmncrQptq.jno7ZOhdZ2Oze1jg3d5xAXSxzqcV0/S', 'purbosari83@gmail.com', '08935344', '1', '2022-01-23 04:23:15', '2022-01-23 11:22:49', '1');

-- --------------------------------------------------------

--
-- Table structure for table `anggaran`
--

CREATE TABLE `anggaran` (
  `id_anggaran` int(15) NOT NULL,
  `id_akun_keuangan` varchar(5) DEFAULT NULL,
  `id_tahun_ajaran` varchar(5) DEFAULT NULL,
  `nama_anggaran` text DEFAULT NULL,
  `uraian` text DEFAULT NULL,
  `keterangan_prop` text DEFAULT NULL,
  `keterangan_lpj` text DEFAULT NULL,
  `waktu` text DEFAULT NULL,
  `nominal_dana_awal` text DEFAULT NULL,
  `file_laporan_proposal` text DEFAULT NULL,
  `file_laporan_proposal_acc` text DEFAULT NULL,
  `tanggal_pengajuan_proposal` datetime DEFAULT current_timestamp(),
  `tanggal_persetujuan_proposal` datetime DEFAULT NULL,
  `status_acc_proposal` varchar(5) DEFAULT '0',
  `nama_lpj` text DEFAULT NULL,
  `nominal_dana_acc` text DEFAULT NULL,
  `nominal_dana_eksternal` text DEFAULT NULL,
  `nominal_dana_terpakai` text DEFAULT NULL,
  `nominal_dana_sisa` text DEFAULT NULL,
  `file_laporan_lpj` text DEFAULT NULL,
  `file_laporan_lpj_acc` text DEFAULT NULL,
  `tanggal_pengajuan_lpj` datetime DEFAULT NULL,
  `tanggal_persetujuan_lpj` datetime DEFAULT NULL,
  `status_acc_lpj` varchar(5) DEFAULT '0',
  `token` text DEFAULT NULL,
  `updated_at` datetime DEFAULT NULL,
  `inserted_at` datetime NOT NULL DEFAULT current_timestamp(),
  `status_anggaran` varchar(5) DEFAULT '1'
) ENGINE=InnoDB DEFAULT CHARSET=latin1;

--
-- Dumping data for table `anggaran`
--

INSERT INTO `anggaran` (`id_anggaran`, `id_akun_keuangan`, `id_tahun_ajaran`, `nama_anggaran`, `uraian`, `keterangan_prop`, `keterangan_lpj`, `waktu`, `nominal_dana_awal`, `file_laporan_proposal`, `file_laporan_proposal_acc`, `tanggal_pengajuan_proposal`, `tanggal_persetujuan_proposal`, `status_acc_proposal`, `nama_lpj`, `nominal_dana_acc`, `nominal_dana_eksternal`, `nominal_dana_terpakai`, `nominal_dana_sisa`, `file_laporan_lpj`, `file_laporan_lpj_acc`, `tanggal_pengajuan_lpj`, `tanggal_persetujuan_lpj`, `status_acc_lpj`, `token`, `updated_at`, `inserted_at`, `status_anggaran`) VALUES
(1, '11', '1', 'KAFALAH PENGAJAR MQ OKTOBER', '<p>KAFALAH PENGAJAR MQ OKTOBER</p>', '', NULL, '01/11/2021', '2200000', 'uploads/laporan/files/fe95682ff99c3039906e1a4391a980d7.pdf', 'uploads/laporan/files/858099026fa2ca7a2c30ee5b990d87fb.pdf', '2021-11-06 13:17:08', '2021-11-09 15:55:50', '2', NULL, '2200000', NULL, NULL, NULL, NULL, NULL, NULL, NULL, '0', '578fc9d637c0bc5012411c2eec16f95dddd08973ba7b6ffa02cbd9f96e8c184fc9d9b3fd9a97d9ec76e986476b85f236620ead1953ee3426d93b637ea2419ed6', '2021-11-09 15:55:50', '2021-11-06 13:17:08', '1'),
(2, '12', '1', 'PROPOSAL JUMAT BERKAH BULAN NOVEMBER', '', '', '', '01/11/2021', '675000', 'uploads/laporan/files/dabbea0bed27cdeee9737ea69c042d15.pdf', 'uploads/laporan/files/59609bf9c72adc755542c52bdfa91872.pdf', '2021-11-06 16:32:32', '2021-11-10 22:07:13', '2', ' LPJ KEGIATAN NOVEMBER', '675000', '0', '675000', '0', 'uploads/laporan/files/06fd312d489484f09979919fb12430e7.pdf', '', '2022-01-07 03:59:01', '2022-01-14 17:01:36', '2', '4de3187efac4731023b34ebad909569da268eb6df2442dcbefc20e37848b602ed05597fae2296ae9cd44bcb552ea98be706d91097db6526ed618b8d0e29cbbde', '2022-01-14 17:01:36', '2021-11-06 16:32:32', '1'),
(4, '9', '1', 'Proposal Pembuatan Sistem Keuangan', '', '', '', '01/11/2021', '2000000', 'uploads/laporan/files/684d8e08061408cea8d9df0574b796a9.pdf', 'uploads/laporan/files/889e78967d9ed6e62cbf20f2ee2e9e81.pdf', '2021-11-07 17:59:26', '2021-11-09 15:44:05', '2', ' LPJ Pembuatan sistem keuangan', '2000000', '0', '2000000', '0', 'uploads/laporan/files/dcb5417f0c756a17311f837c619d8425.pdf', '', '2021-11-30 13:52:15', '2021-11-30 13:52:43', '2', '732c434c0047a03dcb55109e91923b0f4fe30f25e1ea2e957d85c128fda367b9a5607f3cbee5842bb1417a5b5fb00c33f667936745dd840b0fc7f3a2956225d6', '2021-11-30 13:52:43', '2021-11-07 17:59:26', '1'),
(5, '10', '1', 'Kegiana Bidang Pendidikan November', '<p>Catatan  :</p><ol><li>terdapat 2 kegaitan yang belum diketahui karena proses pengajuan dan belum ada penawaran dari pihak ketiga</li><li>Untuk sarpras kesekreatiatan ini untuk 5 bidang yang belum ada di RAPBY namun itu perlu karena bidang tidak punya kantor.</li><li>hari ayah adalah salah satu parenting yang fee pembicaranya di cover oleh yayasan, satu yang lain adalah wisuda Al Quran</li><li>Foto/video branding ini penting karena kita belum punya foto terbaru kecuai foto 2 tahun lalu.</li></ol>', '', '', '01/11/2021', '21935800', 'uploads/laporan/files/83d5312cd1cce94864f370c32a5b5047.pdf', 'uploads/laporan/files/fce566a3b735e3c9d04e36c674a90267.pdf', '2021-11-09 08:22:31', '2021-11-16 10:05:58', '2', ' lpj kegiatan Bid Pendidikan November', '7400000', '0', '4499000', '2901000', 'uploads/laporan/files/b2fa8f3c258d3d7c33f544a5565318c0.pdf', '', '2021-11-27 03:16:11', '2021-11-30 13:29:03', '2', '3cdca7befaeb56be3debf73f99ef816b4d2a37bfa41f3501ca1d141a93964acb0c067d900bee60ce832d4ac31147a008449981b3c23b0280fc8b04bb16793345', '2021-11-30 13:29:03', '2021-11-09 08:22:31', '1'),
(6, '16', '1', 'PROPOSAL JUMAT BERKAH BULAN DESEMBER', '', '', '', '01/12/2021', '1250000', 'uploads/laporan/files/9831fe41d6b4684d2597223d988e7a63.pdf', 'uploads/laporan/files/9a2e9e17a70630a80deab8a68357b6bd.pdf', '2021-11-09 17:00:35', '2021-11-09 15:47:17', '2', ' lpj desember', '1250000', '0', '1250000', '0', 'uploads/laporan/files/4217db433788edf676bf203897d5d092.pdf', '', '2022-02-19 13:00:58', '2022-02-19 14:40:47', '2', 'c0816118a1108591c4343229883b3e5ce8c571d0c8456eb02322866e5a324f81d4042405995f3fc189b10b7881a6af0cf89111d3f7f79ed25531a80226bb06d4', '2022-02-19 14:40:47', '2021-11-09 17:00:35', '1'),
(7, '14', '1', 'Anggaran Kegiatan ', '', '', '', '01/11/2021', '5629500', 'uploads/laporan/files/93e72c211ed479ce0a85fe75b6c4decf.pdf', 'uploads/laporan/files/4f23f60af49f6d6d192f61cc2bc387a5.pdf', '2021-11-09 20:42:52', '2021-11-11 00:56:46', '2', ' LPJ Oktober', '4709700', '0', '4580400', '129300', 'uploads/laporan/files/8bc6defda1112fc180a3113dfc0b8fde.pdf', '', '2022-03-10 13:34:21', '2022-03-13 13:00:14', '2', 'd6a1d9415563d3379ccbadc83a938e8e3717476fd394ece731ae692685e5be893783836bb600a9880f6e0189e87a121738df2cfdbc84a591ec67b091dd95f19f', '2022-03-13 13:00:14', '2021-11-09 20:42:52', '1'),
(8, '12', '1', 'PENCAIRAN DANA TRANSFER JUMAT BERKAH 5 November 21', '<p>bukti tf 700.000 - 544.500 (SPP) = 155.500</p>', '', NULL, '01/11/2021', '855500', 'uploads/laporan/files/1c18f55b68f18418c6362e1afad35083.pdf', 'uploads/laporan/files/b4889ac51c55bf86137ff7eff75a2441.pdf', '2021-11-09 23:27:32', '2021-11-10 22:09:26', '2', NULL, '855500', NULL, NULL, NULL, NULL, NULL, NULL, NULL, '0', 'eceda946049a81b868b4211093c18aa97fa15fa28e10861b2e89abd7ac1a22ee4b04829d6085e33f22486927c0559ef5d508a4139ce6323ce59839112b6b11d2', '2021-11-10 22:09:26', '2021-11-09 23:27:32', '1'),
(9, '11', '1', 'proposal kekurangan kafalah pengajar MQ', '', 'Dimasukkan di proposal bulanan saja (per bulan)', NULL, '01/11/2021', '1400000', 'uploads/laporan/files/88fef39b14d05b19f8dc7762eb52a38e.pdf', '', '2021-11-11 18:48:03', '2021-11-28 15:39:41', '3', NULL, '0', NULL, NULL, NULL, NULL, NULL, NULL, NULL, '0', '66383ceeca3d2e0346b5580eeb231677c84a19b3f8bf6b1e8932c48f7a5e8617c7092920a98bdcb6fe8676f6e3b865ef98d2f3a69aeb6cdd382228244495cb0b', '2021-11-28 15:39:41', '2021-11-11 18:48:03', '1'),
(10, '12', '1', 'PROPOSAL KERINGANAN PEMBAYARAN SPP', '', 'Bukan bersifat pencairan', NULL, '01/11/2021', '9000000', 'uploads/laporan/files/2c91fee2e3f43b52bdcead49bcb3ffce.pdf', '', '2021-11-14 22:01:00', '2021-11-28 15:36:50', '3', NULL, '0', NULL, NULL, NULL, NULL, NULL, NULL, NULL, '0', '7b46e435a293eae8463f4ee5bb612ae33502f94a1508281896444f82832834991ef53ef60e0883ed626d4ed71d3c950e5ea00c7531d492bc252a7efbe0b4e0e3', '2021-11-28 15:36:50', '2021-11-14 22:01:00', '1'),
(11, '20', '1', 'Penilaian Akhir Semester 1', '', '', '', '01/11/2021', '1728000', 'uploads/laporan/files/743d7e14d1d3f5f0adfae4c30b89e81b.pdf', 'uploads/laporan/files/c4ea13957490efbd9c573175a274ef1d.pdf', '2021-11-19 11:02:41', '2021-11-22 04:31:39', '2', ' LPJ PAS 1 TP 2021-2022', '1675000', '0', '1675000', '0', 'uploads/laporan/files/2765138887a26856a8688e1a53c90399.pdf', '', '2021-12-11 02:30:39', '2021-12-11 14:14:09', '2', '88ae40f505179d5fa22e87ae72a70d169590fa9cc9c028468c6be9d72794e59f0c0a08c7910a0d801af2632577415b90b263cf64db1eca4511a313db90abfbfa', '2021-12-11 14:14:09', '2021-11-19 11:02:41', '1'),
(12, '20', '1', 'Jalasah Ruhiyah ', '', '', '', '01/11/2021', '490000', 'uploads/laporan/files/81ddd4ba5d30f1483208b2a873b1fa35.pdf', 'uploads/laporan/files/4cfca58604691093628012d0afca9576.pdf', '2021-11-22 07:21:58', '2021-11-22 04:35:58', '2', ' LPJ JR 1 ', '470000', '0', '470000', '0', 'uploads/laporan/files/c5635726cca33a3156ac176df29bc723.pdf', '', '2021-12-11 02:41:00', '2021-12-11 14:08:44', '2', '6932817aaef5a10815617742db9ebb39dab388d57c250cddf2b494b2c462db5e4f730cc7135cce169b0ab51aaa02c318ddd69189f4563eec890e1c75784306ec', '2021-12-11 14:08:44', '2021-11-22 07:21:58', '1'),
(13, '14', '1', 'Anggaran Kegiatan Dinas', '<p>mohon maaf karean dinas selalumemberikan ifo yang mendadak jadi saya bisa mnyampaikan malam ini</p>', '', NULL, '01/11/2021', '280000', 'uploads/laporan/files/283bd18307cad031faa7973f8edb65df.pdf', '', '2021-11-24 00:11:29', '2021-11-24 14:16:06', '2', NULL, '280000', NULL, NULL, NULL, NULL, NULL, NULL, NULL, '0', '2a1a9826884f779c9a14305a726c9a7e1ad5edcc081ccc6efc0b4f60cf34e8a35c26d79dd44febb5d06929cba0caeaf682fbfb5874c61716e9684274f9e9d9df', '2021-11-24 14:16:06', '2021-11-24 00:11:29', '1'),
(14, '19', '1', 'Proposal Kegiatan bulan November', '<figure class=\"table\"><table><tbody><tr><td><strong>NO</strong></td><td><strong>URAIAN</strong></td><td><strong>Jumlah </strong></td><td><strong>Anggaran</strong></td><td><strong>TOTAL</strong></td></tr><tr><td>1</td><td>Gaji Guru Ekstrakurrikuler Bulan November 2021</td><td>26 Guru </td><td>1.920.000</td><td> Rp          1,920,000.00 </td></tr><tr><td>2</td><td>JR 1</td><td>145</td><td>4275</td><td> Rp              619,875.00 </td></tr><tr><td>3</td><td>Peringaatan Hari Pahlawan</td><td>276</td><td>10000</td><td> Rp           2,760,000.00 </td></tr><tr><td>4</td><td>AN-BK (Sisa TO AKM Kelas 5 Bulan Agustus)</td><td>48</td><td>429870</td><td> Rp              429,870.00 </td></tr><tr><td>5</td><td>Apresiasi Siswa Semester Gasal</td><td>276</td><td>8000</td><td> Rp           2,200,000.00 </td></tr><tr><td>6</td><td>Classmeeting</td><td>235</td><td>5900</td><td> Rp           1,380,000.00 </td></tr><tr><td>7</td><td>Raker Semester Genap</td><td>30 guru untuk 3 hari</td><td> </td><td> </td></tr><tr><td> </td><td>a. Coffee break</td><td> </td><td>5000</td><td> Rp              450,000.00 </td></tr><tr><td> </td><td>b. Makan + minum</td><td> </td><td>20000</td><td> Rp          1,800,000.00 </td></tr><tr><td>8</td><td>Pra Raker</td><td>14 guru selama 3 hari</td><td>25000</td><td> Rp           1,050,000.00 </td></tr><tr><td colspan=\"4\"><strong>JUMLAH</strong></td><td><strong> Rp    9,309,745.00 </strong></td></tr></tbody></table></figure>', '', '', '01/11/2021', '9309745', 'uploads/laporan/files/069d0d75b082ff34cfa00fabf1dd7d64.pdf', 'uploads/laporan/files/a413c6c75db4227253f9da1b4cb548d4.pdf', '2021-11-24 09:05:47', '2021-11-25 08:24:30', '2', ' LPJ Kegiatan Nopember SD', '8617000', '111130', '8617000', '111130', 'uploads/laporan/files/0d16c123d9fb85e0151281c0fa5f4ce7.pdf', '', '2022-01-17 07:07:32', '2022-01-18 14:31:51', '2', 'bf83f6013a42e64d2e235fe2953658ce17c111d38cf8488a439408930c66365a0528d938b371023b96b6ff5a2a06fe8570bfdbcf30f61e852547ee64736857b6', '2022-01-18 14:31:51', '2021-11-24 09:05:47', '1'),
(15, '12', '1', 'PENCAIRAN DANA TRANSFER JUMAT BERKAH 12 November 21', '', '', NULL, '01/11/2021', '300001', 'uploads/laporan/files/0bea9ebdfc724ef370782a4558f540bd.pdf', 'uploads/laporan/files/e6ca275601c94f208e3c099d83df0b21.pdf', '2021-11-24 23:12:47', '2021-11-26 01:17:12', '2', NULL, '300001', NULL, NULL, NULL, NULL, NULL, NULL, NULL, '0', 'f70cb23186a3afe5780335e0ab8a05bea873e7075be0e26eafa3cf2fa691ccedb82590cb02fcb640baa9d0a108d4ae03afb5d3eaa353ef8f9161a2001165f1cf', '2021-11-26 01:17:12', '2021-11-24 23:12:47', '1'),
(16, '12', '1', 'PENCAIRAN DANA TRANSFER JUMAT BERKAH 19 November 21', '', '', NULL, '01/11/2021', '380002', 'uploads/laporan/files/0815bea2397c5fc8412d355ddfb06936.pdf', 'uploads/laporan/files/158b5a930c9527b923b54e5be393fac9.pdf', '2021-11-24 23:14:40', '2021-11-26 01:15:19', '2', NULL, '480003', NULL, NULL, NULL, NULL, NULL, NULL, NULL, '0', 'd67321335552ee3fbd37c6f4064af775d92243db218a13af9ab75ded0a958d499b1e146a2d88c4793b021f34f077684e1f6774a4b2e8ad4ec4e9ba67feae5fd7', '2021-11-26 01:15:19', '2021-11-24 23:14:40', '1'),
(17, '12', '1', 'PENCAIRAN DANA TRANSFER JUMAT BERKAH 26 November 21', '', '', NULL, '01/11/2021', '300000', 'uploads/laporan/files/39517549d8ab82d0678d671e51bff6b0.pdf', 'uploads/laporan/files/8f593bafcffec3a0674e61f5bd011f3f.pdf', '2021-11-29 00:13:23', '2021-11-30 13:23:08', '2', NULL, '300000', NULL, NULL, NULL, NULL, NULL, NULL, NULL, '0', '4e42f8824364ec65742404e3cd3bebf26a9102bed82c96b4cc2d39fbaa80a688a6945eeb964bebd10a091dccd49d5143963d9194c09c37f336a98433c1e9a777', '2021-11-30 13:23:08', '2021-11-29 00:13:23', '1'),
(18, '20', '1', 'Peringatan 10 November', '', '', '', '01/11/2021', '490000', 'uploads/laporan/files/7db09a82de8c759f5a777b48feb20dff.pdf', 'uploads/laporan/files/0e9c1f93a2a486245091aff38a58960b.pdf', '2021-11-29 11:02:05', '2021-12-03 15:50:09', '2', ' LPJ Hari Pahlawan', '470000', '0', '470000', '0', 'uploads/laporan/files/95d7fac1f83214311af11849fc31ce15.pdf', '', '2021-12-11 01:58:19', '2021-12-11 14:03:18', '2', 'a64fb7dfe6f69a9fe96f5d396b4425331f71579a83c4677959eb5dc2e9a4b221764ecb05fad604dde2198502e1c53e7058054ea391bde82b9705d54f812524ae', '2021-12-11 14:03:18', '2021-11-29 11:02:05', '1'),
(19, '12', '1', 'proposal dana takziyah', '', '', NULL, '01/12/2021', '300000', 'uploads/laporan/files/0662c439c9086b8b0139f167d5437f79.pdf', 'uploads/laporan/files/30348838986997b45f126f1cd9ed9864.pdf', '2021-12-01 11:00:54', '2021-12-01 09:16:51', '2', NULL, '300000', NULL, NULL, NULL, NULL, NULL, NULL, NULL, '0', '4f817cb116c1a9707de98c5cc69b46bda02599bdc2acf30edd48b1968ad7a1240f914a5e891070b8d124e7a613494b9b9278313ea720442b869b8c2b8ffb826f', '2021-12-01 09:16:51', '2021-12-01 11:00:54', '1'),
(20, '19', '1', 'REVISI PROPOSAL KEGIATAN NOVEMBER', '<p>anggaran apresiasi siswa semester gasal diambil dari DU evaluasi Pembelajaran</p>', '', '', '01/12/2021', '2200000', 'uploads/laporan/files/54608fad5b677507011158360f64efd4.pdf', 'uploads/laporan/files/05b68694147ba94d5da1f2c40d2b495d.pdf', '2021-12-01 12:13:03', '2021-12-03 15:28:42', '2', 'LPJ siswa prestasi gasal', '2048000', '0', '2048650', '-650', 'uploads/laporan/files/b1f3286a3e5a9318edfcdd5c38e8b06e.pdf', 'uploads/laporan/files/a918122cfe884929059e07ef6ac0afa8.pdf', '2022-01-17 07:13:44', '2022-01-18 14:33:17', '2', '9f282bdc783ecc530932bf336c144f66fc0ade5685d181e7eb2df9c4605d90170f35b23283776fde1e495c975fd8d365c5144a611a568e44f7e097dad4f2b195', '2022-01-18 14:33:17', '2021-12-01 12:13:03', '1'),
(21, '12', '1', 'PROPOSAL BANTUAN DANA ORANG SAKIT', '', '', NULL, '01/12/2021', '300000', 'uploads/laporan/files/fdad170b7a6d662ca8ab9ea96096d13f.pdf', 'uploads/laporan/files/fcad6f489fc41490637863ce1d37f35d.pdf', '2021-12-01 21:23:01', '2021-12-06 11:58:23', '2', NULL, '300000', NULL, NULL, NULL, NULL, NULL, NULL, NULL, '0', 'a3190257af61030e5117cf8c705c673a7e3ee16fbfdea86ed8391cb0678980760f841ae0aee474dc4e205d3376ba92e20b70fd9b46a57f3a80b6afa147aa0c11', '2021-12-06 11:58:23', '2021-12-01 21:23:01', '1'),
(22, '18', '1', 'Tagihan seragam dan Atribut susulan ', '', '', NULL, '01/12/2021', '2706000', 'uploads/laporan/files/a2992c24532b70c3ec50d1315b4e2910.pdf', 'uploads/laporan/files/285f6a56ed84bb8618edc0bc17707b0e.pdf', '2021-12-02 12:16:03', '2021-12-06 11:52:54', '2', NULL, '2706000', NULL, NULL, NULL, NULL, NULL, NULL, NULL, '0', '7943581b1e5f7d78df5a1523a4dabe57010d966f7ea6b0657299f2c992feda627c45a6afc2e2bfdf4248ea70f018603d24a50ee1430992a18b486cd2d298cea5', '2021-12-06 11:52:54', '2021-12-02 12:16:03', '1'),
(23, '18', '1', 'Pengajuan DP Seragam dan Atribut', '', '', NULL, '01/12/2021', '217500000', 'uploads/laporan/files/4a2d479eb4eedc388c83e4b20de7fdf3.pdf', 'uploads/laporan/files/21f503f80740028086b9bf1aee1c3970.pdf', '2021-12-02 12:22:23', '2021-12-06 11:55:55', '2', NULL, '21750000', NULL, NULL, NULL, NULL, NULL, NULL, NULL, '0', 'dc729fd3b3471ac7a041c1a4181172505844060f10ec6db8ac4a6837b93eb9d1a810794ab2d133e98871fbcdcc6a3472c510621a5eb1954bf5fb9da12e8450c0', '2021-12-06 11:55:55', '2021-12-02 12:22:23', '1'),
(24, '10', '1', 'Rapat Kerja Sekolah Semester I', '<p>Raker Sekolah : Rp 7.700.000</p><p>Branding dan DSP : Rp 7.400.000</p><p>Sisa bulan Nov : Rp 2.901.000</p>', '', '', '01/12/2021', '14470000', 'uploads/laporan/files/d1cc64def1c5279b2dc31438ef9916b9.pdf', 'uploads/laporan/files/366d71de3ff09940e3c3d98acea0d9b6.pdf', '2021-12-02 12:57:12', '2021-12-10 07:28:09', '2', ' Kegiatan Desember', '14470000', '457000', '14470000', '457000', 'uploads/laporan/files/09fbdfe875832d2d1819e822fed175ae.pdf', '', '2022-02-04 05:43:41', '2022-02-04 06:33:29', '2', '6bb01343acbeef5cd75586a4209e356f29d47631cef611bdac6564e962d2dc75041363801c940c72cbfb41a58d3d8700732321c8bd22c5351c47a08f58a7aabe', '2022-02-04 06:33:29', '2021-12-02 12:57:12', '1'),
(25, '12', '1', 'PENCAIRAN DANA TRANSFER JUMAT BERKAH 3 desembber 2021', '', '', 'Keterangan di tgl 10', '01/12/2021', '905500', 'uploads/laporan/files/fb7f52648cd559d0263ab9388fe4bf4f.pdf', 'uploads/laporan/files/9c3bb148b5d9fae2f0ade02f4dcaf29c.pdf', '2021-12-04 09:16:01', '2021-12-06 12:01:43', '2', ' lpj jumat berkah 3 des 21', '1005500', '0', '1005500', '0', 'uploads/laporan/files/ebe631e43c1f8b25fb0dfe8e4fd9f3e2.pdf', '', '2022-01-14 05:51:05', '2022-01-14 17:04:01', '3', '0db4f7ee49234526b208f39bb05f26752297d0fbeef3adb6c248f1917583feae5b621d064e4de2d22a55e6757589a8e42c503a10f07cd9dc37456555a677b696', '2022-01-14 17:04:01', '2021-12-04 09:16:01', '1'),
(26, '12', '1', 'PENCAIRAN DANA ERUPSI SEMERU', '<p>bukti transfer tersebut dari para donatur yang melakukan konfirmasi ke wa bid.sosial</p>', '', NULL, '01/12/2021', '700000', 'uploads/laporan/files/771b7f74845f31ae3153b13d32ff1457.pdf', 'uploads/laporan/files/2b4a397375d86b4e53451ef2a006df8f.pdf', '2021-12-08 14:07:06', '2021-12-10 07:23:34', '2', 'bantuan erupsi semeru', '800000', '0', '800000', '0', 'uploads/laporan/files/99971d3ac8c0bc1b505fa91605907b26.pdf', NULL, '2022-01-07 03:56:35', NULL, '1', '288e58100cd84fc1838cb3d29ac980367ab5bf7fd83a2575395ebcd22476e465f2427c7449bc0aa8766b2656b56502f971a72b4447e42c81853d174e57acbb9e', '2022-01-07 03:56:35', '2021-12-08 14:07:06', '1'),
(27, '12', '1', 'PENCAIRAN DANA TRANSFER BANTUAN ERUPSI SEMERU', '', '', NULL, '01/12/2021', '12050000', 'uploads/laporan/files/5791efb457a037ade22ecea11496572a.pdf', 'uploads/laporan/files/99304f4b75d44430f9a9dfa50e9caa1b.pdf', '2021-12-08 20:56:13', '2021-12-10 07:16:48', '2', ' BANTUAN ERUPSI SEMERU', '12050000', '0', '12050000', '0', 'uploads/laporan/files/cfe95f282fcf83b94f48ddfb88a2b33f.pdf', NULL, '2022-01-06 10:20:58', NULL, '1', '597d7ca1aafb675a8f8d64af525624875181e95f3ee06aeec3dc34746e4e84b69813a3a23f45b84627320f432096b12a8ed26bb8caa601557a885b4567658643', '2022-01-06 10:20:58', '2021-12-08 20:56:13', '1'),
(28, '11', '1', 'KAFALAH PENGAJAR MQ NOVEMBER', '<p>KAFALAH PENGAJAR MQ NOVEMBER</p>', '', NULL, '01/11/2021', '1600000', 'uploads/laporan/files/5ddac71dc3ba9bcde65273d11f4b7771.pdf', 'uploads/laporan/files/828953d0c1bb37ac5439559693eafbf8.pdf', '2021-12-08 21:42:56', '2021-12-13 19:08:46', '2', NULL, '1600000', NULL, NULL, NULL, NULL, NULL, NULL, NULL, '0', 'bb00185ece9f33de25272fd2e0776f1773c89ce9befac7bf4ae3bf2e475821dd5c0d73b5522c31439cf101d05c75189a05e2d7c4add6d235926f41d4fec762fc', '2021-12-13 19:08:46', '2021-12-08 21:42:56', '1'),
(29, '11', '1', 'Surat Tugas Untuk Ta\'mir Masjid Ar-rahmah', '<p>Dengan diajukannya surat tugas ini sebagai laporan persetujuan dari bendahara yayasan, bahwasannya nama nama yang bersangkutan akan mendapatkan insentif bulanan seperti yang tertera didalam surat tersebut. </p>', NULL, NULL, '01/01/2022', '650000', 'uploads/laporan/files/9789ca415588c3f726908e47e3f3f66a.pdf', NULL, '2021-12-08 21:51:40', NULL, '0', NULL, NULL, NULL, NULL, NULL, NULL, NULL, NULL, NULL, '0', '2202fd51acd4e15825739d80b3ae32019581e87e583648573b9f5ff96e4c25f3c8ac6ac8a101d6705bb5f82798244f78f77ea40eff375563d4545a10b3cc6acf', NULL, '2021-12-08 21:51:40', '1'),
(30, '20', '1', 'Proposal Akomodasi Raker Semua Jenjang', '', 'Mohon menyerahkan LPJ September, Oktober, November, dan kurikulum', NULL, '01/12/2021', '7055500', 'uploads/laporan/files/390edd500bc90d5657cd06ec55b84238.pdf', '', '2021-12-09 07:57:56', '2021-12-09 22:53:06', '3', NULL, '0', NULL, NULL, NULL, NULL, NULL, NULL, NULL, '0', 'eab1ed8146b6140096fccddfacada73e0462ea0abcb8b4b339d97fd5eaf375fe1f568b75c87baa94ceca242a3391bd3e65db97709a3f3c84db750b8bf9291aa4', '2021-12-09 22:53:06', '2021-12-09 07:57:56', '1'),
(31, '20', '1', 'PROPOSAL UJIAN DAN BIMBEL KELAS IX', '<p>Proposal Ujian dan Bimbel Kelas IX</p>', 'Mohon menyerahkan LPJ September, Oktober, November, dan kurikulum', NULL, '01/11/2021', '12640000', 'uploads/laporan/files/611264db16184a90a56257f9cd142201.pdf', '', '2021-12-09 08:07:28', '2021-12-09 22:52:45', '3', NULL, '0', NULL, NULL, NULL, NULL, NULL, NULL, NULL, '0', 'f72288690fd57b0a4738c0130b5b05b6fe0dc302039d1c739c3bd3a074c5cc9ecb156e7c1c2aaea41954a6c8ea7db381677eadd9be4f13cf381f13400d4c47f4', '2021-12-11 14:15:17', '2021-12-09 08:07:28', '1'),
(33, '16', '1', 'proposal pencairan dana erupsi semeru', '', 'Salah upload', NULL, '01/12/2021', '400.000', 'uploads/laporan/files/0ea6693b42a47c0ee34e2042fd4ae142.pdf', '', '2021-12-09 15:02:49', '2021-12-10 13:25:08', '3', NULL, '0', NULL, NULL, NULL, NULL, NULL, NULL, NULL, '0', 'c2110dee9d50d0bb7079d95ff1315fc4f1416617de5d36458eec4ba58bbf4a1f9ffda0bf10e0ad49995b2b6010d8bbcc6ae95d39571b26481881b0582fe5df30', '2021-12-10 13:25:08', '2021-12-09 15:02:49', '1'),
(34, '12', '1', 'PENCAIRAN DANA ERUPSI SEMERU 2', '', '', NULL, '01/12/2021', '390000', 'uploads/laporan/files/1d46a242d13138063dad8aa77f92d9f2.pdf', 'uploads/laporan/files/ebde8f41c11be5f2b525d9a40ac9eeaf.pdf', '2021-12-09 22:25:16', '2021-12-10 07:20:30', '2', ' bantuan erupsi semeru', '390000', '0', '390000', '0', 'uploads/laporan/files/d2a6b85f4873de08204d235feb6d6b18.pdf', NULL, '2022-01-07 03:57:27', NULL, '1', '7e3ae941843dfaee9f3b65c506caff3e23ee23d60ec276ded2bd83ab348594fd68bb0df7154b6a245e922fd9d2826a54f5687241d614720b06454a9bba4205b5', '2022-01-07 03:57:27', '2021-12-09 22:25:16', '1'),
(35, '12', '1', 'PENCAIRAN DANA ERUPSI SEMERU 3', '', '', NULL, '01/12/2021', '400000', 'uploads/laporan/files/77fd59764d5f2f0d164b4ae7d4679ad9.pdf', 'uploads/laporan/files/bf6db0e36d89ba0a364e12e2cfe41952.pdf', '2021-12-09 22:33:01', '2021-12-10 07:18:49', '2', ' LPJ BANTUAN ERUPSI SEMERU', '400000', '0', '400000', '0', 'uploads/laporan/files/5adb1a7cbd5d3963132f12107bfddb52.pdf', NULL, '2022-01-06 10:06:21', NULL, '1', '4ea070ce9642d509a5c220529e0ad1410ba6f74c90f6bf7663237a64904e307fa0c831db5517e283dfc88387cb3033edf60d2f524a62f44cae99f6f174449756', '2022-01-06 10:06:21', '2021-12-09 22:33:01', '1'),
(36, '12', '1', 'PENCAIRAN DANA ERUPSI SEMERU 4', '<p>PENCAIRAN DANA ERUPSI SEMERU 4</p>', '', NULL, '01/12/2021', '900000', 'uploads/laporan/files/5a56517c9897b5f72bbab7bfe559d969.pdf', 'uploads/laporan/files/e1f6022237ee4c17bb474fbfe01fde22.pdf', '2021-12-10 21:04:30', '2021-12-13 19:05:40', '2', ' bantuan bencana erupsi semeru', '850000', '0', '850000', '0', 'uploads/laporan/files/11055594b83a0fd8cd70404b239efae0.pdf', NULL, '2022-01-07 03:55:11', NULL, '1', '51887091a508e54ae2aa8ff70c485a61adf9c0c29f5c7ab0982f1f5c62bc0eba98c48e46b50e9f7f026c0fa45aefcc1d0869f4c4739b46738ca6be7fe1843dc3', '2022-01-07 03:55:11', '2021-12-10 21:04:30', '1'),
(37, '9', '1', 'PEMBUATAN SISTEM PPDB ONLINE', '<p>Pembuatan Sistem PPDB Online</p>', '', NULL, '01/12/2021', '3000000', 'uploads/laporan/files/ebef3ef6bd860aeb806ccddee051e80b.pdf', 'uploads/laporan/files/49dafa7a7ad1b46a21987e6276629b40.pdf', '2021-12-11 22:33:04', '2021-12-13 19:07:11', '2', NULL, '3000000', NULL, NULL, NULL, NULL, NULL, NULL, NULL, '0', '61214ce2626514dc28ee67653e133a5d804c22fee1c06e94731232a96daf9e98170d1d17fc7f87981eda62ca6e118e4bdc1e15a1c220ea8da3b666749f33c786', '2021-12-13 19:07:11', '2021-12-11 22:33:04', '1'),
(38, '20', '1', 'Revisi Proposal Akomodasi Raker Semua Jenjang', '', 'Sudah dicairkan melalui kabid pendidikan', NULL, '01/12/2021', '7055500', 'uploads/laporan/files/10d610ff51525af4128191641d497710.pdf', '', '2021-12-12 08:49:47', '2021-12-13 13:18:59', '3', NULL, '0', NULL, NULL, NULL, NULL, NULL, NULL, NULL, '0', 'bebe8d0e1bf750a3f9fe852edff04c47a3c745c395578f37e4e806f0745d7859588d561e025fa48bc857ef6d1036e852a9d54730e86fc0451052fb94fa4b3a67', '2021-12-13 13:18:59', '2021-12-12 08:49:47', '1'),
(39, '20', '1', 'Revisi Proposal Ujian dan Bimbel Kelas IX', '', '', '', '01/11/2021', '12640000', 'uploads/laporan/files/57a634b5edfc7d232a83db82bf1ac87b.pdf', 'uploads/laporan/files/b9b1511797fbc91087473f6625dd1394.pdf', '2021-12-12 08:53:28', '2021-12-13 13:19:29', '2', ' LPJ BIMBEL DAN NOMINASI KELAS IX', '5440000', '0', '5440000', '0', 'uploads/laporan/files/ea5b6700105869f0d63bab1a8ea4612c.pdf', '', '2022-04-28 01:00:26', '2022-06-02 14:34:15', '2', '76c7e77f2a017eae6d69e2bc4ea6ad6eef80244bb224f760f894a1e626676edfcd73bdde676aae48cc4225399718fba9ba7bef169b9873b926e5ab4f84dced1b', '2022-06-02 14:34:15', '2021-12-12 08:53:28', '1'),
(40, '20', '1', 'Proposal LDKS Perjusa', '', '', '', '01/01/2022', '9800000', 'uploads/laporan/files/9e105d918ec6ea752db9cffbc9e0657b.pdf', 'uploads/laporan/files/2c3aa4ceb26d5b0e1d42ef84386de3f2.pdf', '2021-12-15 08:52:57', '2021-12-19 06:56:33', '2', ' LPJ LDKS Perkaju', '9600000', '0', '9600000', '0', 'uploads/laporan/files/2c65528528b43d23d88f1f2188e619f7.pdf', '', '2022-03-01 02:33:40', '2022-03-06 13:51:58', '2', 'c49530ed63702924c3252f6af9d263499eb1036558b6ba2b104adbed7621f64cedaea74e8d871e064d21ed58c086394e24cc74cc75923cbba211369a80e9ffda', '2022-03-06 13:51:58', '2021-12-15 08:52:57', '1'),
(41, '16', '1', 'BUKTI TRANSFER JUMAT BERKAH 17 DESEMBER', '<p>BUKTI TRANSFER DONASI DARI DONATUR UNTUK JUMAT BERKAH 17 DESEMBER 2021</p>', '', NULL, '01/12/2021', '200000', 'uploads/laporan/files/72bd590c02132784414364d678e9660e.pdf', 'uploads/laporan/files/091d7634db15b45284919838f8ebc0a3.pdf', '2021-12-21 10:23:56', '2022-01-03 07:41:24', '2', NULL, '200000', NULL, NULL, NULL, NULL, NULL, NULL, NULL, '0', '6fa3d83f91f0d539621092ffabbe84d6f3506fc025097cbfe85bad456c83a710c68a609c7d629eb063652db0202740d7e1ac74eb58139ac8889918083cd8a6cb', '2022-01-03 07:41:24', '2021-12-21 10:23:56', '1'),
(42, '12', '1', 'PENCAIRAN DANA TRANSFER JUMAT BERKAH 10 desember 21', '', '', '- Nota 240 + 25 = 265.000\n- 265.000 x 4 pekan = 1.060.000\n- Dana dicairkan bulan des full 1.250.000, tidak tertahan 50k.\n- Yg tertahan 50k di rekening adlh donasi semeru', '01/12/2021', '200000', 'uploads/laporan/files/294425229b86b8c1d6fdfc52e5724e50.pdf', 'uploads/laporan/files/0f2293d9bdfb3a704fee45c79d7f5a3b.pdf', '2021-12-22 08:47:10', '2022-01-03 07:38:47', '2', ' lpj jumber 10 des 21', '200000', '0', '200000', '0', 'uploads/laporan/files/8fdd05ce0c689c7a302ace1264dac424.pdf', '', '2022-01-14 05:52:02', '2022-01-14 17:00:08', '3', '92148da125351044261cee135669ae2e32dc5ef30405b567be7a6f2809dc536534ef316e0d7376b8e8baf2803a4211e0943792b52b1169275f3eafb451422429', '2022-01-14 17:00:08', '2021-12-22 08:47:10', '1'),
(43, '12', '1', 'PENCAIRAN DANA ERUPSI SEMERU 5', '', '', NULL, '01/12/2021', '250000', 'uploads/laporan/files/f427f9531c324450a96b635dbff0ebf7.pdf', 'uploads/laporan/files/3ee51e5653b6a2cb2755dfe3da0c6b7f.pdf', '2021-12-22 08:52:05', '2022-01-03 07:40:03', '2', ' bantuan erupsi semeru', '200000', '0', '200000', '0', 'uploads/laporan/files/32be108e2c1a3ec21f4dfb22a7f20f17.pdf', NULL, '2022-01-07 03:58:18', NULL, '1', '31f54d8b9706e73a119eedbc2cf165a7c2c6d2a163e8bb5aaf737b21b8b6e667199d5bfbee7308eca9325c0d12dc9acc51da76c90a84d3c21a91b2ba58216006', '2022-01-07 03:58:18', '2021-12-22 08:52:05', '1'),
(44, '12', '3', 'PROPOSAL BANTUAN DANA ORANG SAKIT II', '', '', NULL, '01/01/2022', '300000', 'uploads/laporan/files/ccbe74c9cba3cdc0dce189d06ba2531b.pdf', 'uploads/laporan/files/63cb8b73fcce2f15c4382faab026e4c4.pdf', '2022-01-02 14:54:44', '2022-01-03 07:37:23', '2', NULL, '300000', NULL, NULL, NULL, NULL, NULL, NULL, NULL, '0', '23faca6f5f02f5b5fa3390578c9ad94a20326de5f0e427819b3f3787bef59139c4fa3432463e2b8cb8b9e42236afb84fe7261bf3e8d6ca15e90113115ebc9ccc', '2022-01-03 07:37:23', '2022-01-02 14:54:44', '1'),
(45, '12', '3', 'PROPOSAL BANTUAN DANA ORANG SAKIT III', '', '', NULL, '01/01/2022', '300000', 'uploads/laporan/files/b81222cc53c7de97a2f339d565049687.pdf', 'uploads/laporan/files/aaaec26dd19c7e45d175a57506ceb4e0.pdf', '2022-01-02 14:55:14', '2022-01-03 07:34:42', '2', NULL, '300000', NULL, NULL, NULL, NULL, NULL, NULL, NULL, '0', 'c8b2bdd8fc300986ce6b96550a0f94ad15c28a60d0ec6941aa5be59af8909fecb44d112fa9a7c15f25140258fefcfb0724aa0280dae3b3244afe1df524747a6d', '2022-01-03 07:34:42', '2022-01-02 14:55:14', '1'),
(46, '16', '3', 'PROPOSAL PENGAJUAN DANA BANTUAN SAKIT', '', 'Proposal Sama', NULL, '01/01/2022', '300000', 'uploads/laporan/files/5c91aa5cb50ee25bd244d05bae1a87bc.pdf', '', '2022-01-03 11:48:13', '2022-01-04 01:52:38', '3', NULL, '0', NULL, NULL, NULL, NULL, NULL, NULL, NULL, '0', '0e1b03a4bb4a420fb94fd7e30ba5bb04738a990002b87a35123960d0cd1e57b905eed4172dab7e67e10b974d0647f0eb84264fbc009d617fc7bef4836cc7ce47', '2022-01-04 01:52:38', '2022-01-03 11:48:13', '1'),
(47, '16', '3', 'PROPOSAL PENGAJUAN DANA BANTUAN SAKIT USTADZAH FADILA', '', 'Proposal Sama', NULL, '01/01/2022', '300000', 'uploads/laporan/files/addceecae21811838babcf92d3812509.pdf', '', '2022-01-03 11:57:34', '2022-01-04 01:52:14', '3', NULL, '0', NULL, NULL, NULL, NULL, NULL, NULL, NULL, '0', 'b2ab1117aa33cc5fbedb195e6160a9724b20feac84374e8289f62fe2d68d19b67f57ddab7660e76c1d059e5745316af500b10be660570747aed1f06c94fa032d', '2022-01-04 01:52:14', '2022-01-03 11:57:34', '1'),
(48, '16', '3', 'PROPOSAL PENGAJUAN DANA USTDZAH WULAN', '<p>PROPOSAL PENGAJUAN DANA USTDZAH WULAN</p>', 'Proposal sama', NULL, '01/01/2022', '300000', 'uploads/laporan/files/f96e67daa44c88a9227d246993a24ea2.pdf', '', '2022-01-03 15:35:20', '2022-01-04 01:50:24', '3', NULL, '0', NULL, NULL, NULL, NULL, NULL, NULL, NULL, '0', 'f97e0d4b702c54bdf66136db3c3d6688147f5e7cf33c668b288f62b4cc9d54693485b8b498a74657cc1af8ab1255f5f20e9777757d6624dbb9e04905bb25621f', '2022-01-04 01:50:24', '2022-01-03 15:35:20', '1'),
(49, '16', '3', 'PROPOSAL PENGAJUAN DANA BANTUAN SAKIT USTADZAH wulan', '', 'Proposal Sama', NULL, '01/01/2022', '300000', 'uploads/laporan/files/e800de4de114ac61793058d45d0d7c7b.pdf', '', '2022-01-03 15:38:00', '2022-01-04 01:51:07', '3', NULL, '0', NULL, NULL, NULL, NULL, NULL, NULL, NULL, '0', '1f17d02594900f29cdc3aa5dffae58d8aaae0d281797bd5c0bd4856d52bf721711f07406c1fdb43a69e02ef964c0451f6cc8360c2c18421398503858c6d36b52', '2022-01-04 01:51:07', '2022-01-03 15:38:00', '1'),
(50, '12', '3', 'PENCAIRAN DANA TRANSFER JUMAT BERKAH 24 desember 2021', '', '', NULL, '01/12/2021', '200000', 'uploads/laporan/files/8fad4c0d9aedc3876c84915774fdfea3.pdf', 'uploads/laporan/files/a20c280f553f8e2b95040a838a1faf5c.pdf', '2022-01-06 17:03:11', '2022-01-16 03:07:30', '2', NULL, '200000', NULL, NULL, NULL, NULL, NULL, NULL, NULL, '0', '4ad76a7f346e9debb107e383f213e2e7b601496288a31342dcc8eea0e62fff51e99a83fbe322b15e04a7baafdb0ffbb3b2213996431453da0ca2fc9beb91cf13', '2022-01-16 03:07:30', '2022-01-06 17:03:11', '1'),
(51, '12', '3', 'PENCAIRAN DANA TRANSFER JUMAT BERKAH 31 desembebr 2021', '', '', NULL, '01/12/2021', '200000', 'uploads/laporan/files/421ec298bbd2517728311e1afd95f409.pdf', 'uploads/laporan/files/bddf9fbf0f0a6704023e1c3b87762122.pdf', '2022-01-06 17:04:02', '2022-01-16 03:10:21', '2', NULL, '200000', NULL, NULL, NULL, NULL, NULL, NULL, NULL, '0', '6bdf3876ee57c26c96a36b26ce09d80092a80faa2eb643779d95b1bbe7a84013bf2c6efff6a0de790d912af9cab15905f9cc5e106dcbe34ade88a3b68ca207ba', '2022-01-16 03:10:21', '2022-01-06 17:04:02', '1'),
(52, '12', '3', 'PROPOSAL JUMAT BERKAH BULAN JANUARI', '', 'Mohon menyerahkan LPJ Desember', NULL, '01/01/2022', '1000000', 'uploads/laporan/files/2f25884524c91f0a475293c27c60bb66.pdf', '', '2022-01-06 18:52:23', '2022-01-07 09:23:45', '3', NULL, '0', NULL, NULL, NULL, NULL, NULL, NULL, NULL, '0', '97b28bbfeac4b6f3b2454f767699412963badded84e940df2f971439123661846b22e702c2187f07f8933cbfd164d3f88f489ed3e74174c94928e0bbdd8a5465', '2022-01-07 09:23:45', '2022-01-06 18:52:23', '1'),
(53, '13', '3', 'Proposal Lanjutan Lantai 3 ', '', '', NULL, '01/01/2022', '70000000', 'uploads/laporan/files/95c30ee1d7e7f696f616f55b29dab71a.pdf', 'uploads/laporan/files/411ab5ea311e7ce8c070809a59154c78.pdf', '2022-01-13 19:05:01', '2022-01-16 03:09:04', '2', NULL, '70000000', NULL, NULL, NULL, NULL, NULL, NULL, NULL, '0', 'e2a05bb32e679e8e337e8f9d3c68578881f6af8d15976e4900c73c1f82c55e88e3ce6ba45f13c448dc9ae7b61054d3452794ed6af306258e001d3c25459d60c2', '2022-01-16 03:09:04', '2022-01-13 19:05:01', '1'),
(54, '12', '3', 'PROPOSAL JUMAT BERKAH BULAN JANUARII', '', '', '', '01/01/2022', '1000000', 'uploads/laporan/files/27500a57d3cffcafc19dcf1c0a89c908.pdf', 'uploads/laporan/files/0f87129e86ce5df5e87b41aa10b3def0.pdf', '2022-01-14 12:54:52', '2022-01-16 03:35:24', '2', ' LPJ JANUARI 2022', '1000000', '0', '1000000', '0', 'uploads/laporan/files/0aaa0ff26d8d2193910376eb2c179d40.pdf', 'uploads/laporan/files/f166c932dcb5a5bcf44d575fcb5c212d.pdf', '2022-02-19 12:59:03', '2022-02-19 14:54:06', '2', '7c6d9ee3224e5c40282164975ccf49315af72fabf78b6aca38cd2e71e7dac628e229578a761c2a364828765945e3d1e56d8e90ed85fc58c67674febae9f78fc6', '2022-02-19 14:54:06', '2022-01-14 12:54:52', '1'),
(55, '9', '3', 'Proposal Januari', '', '', NULL, '01/01/2022', '1799000', 'uploads/laporan/files/bc9bf59e4f0670c25162f4dd2062e135.pdf', 'uploads/laporan/files/0b8c0df64460102b933b3faa33fc82b5.pdf', '2022-01-15 00:14:46', '2022-01-16 03:17:48', '2', NULL, '1799000', NULL, NULL, NULL, NULL, NULL, NULL, NULL, '0', '1d063d7e2f950fec07e819e06509d0261513dd24c8ce21d8a900138706db583f11eeebf7bb3994ebaf6b531185e46ae4681664db1285d927541b5e0d33b87ccb', '2022-01-16 03:17:48', '2022-01-15 00:14:46', '1'),
(56, '16', '1', 'BUKTI TRANSFER JUMAT BERKAH 14 JANUARI', '', '', NULL, '01/01/2022', '630000', 'uploads/laporan/files/07828435a11d8c2117399b4538befdd1.pdf', 'uploads/laporan/files/d4a6a2bbdffb8dfb4e7e6f6cffa7352e.pdf', '2022-01-16 17:48:28', '2022-01-27 03:39:06', '2', NULL, '930000', NULL, NULL, NULL, NULL, NULL, NULL, NULL, '0', '51daf9e7759f577613f3cd2ea4e12f3c93fb1e1ae3033a18d6f876449742268aa8839f7583dfda722e40e6e89f94aa5bc60b101b3313f17a8057f2eb4dbdcc12', '2022-01-27 03:39:06', '2022-01-16 17:48:28', '1'),
(57, '11', '1', 'Kafalah Pengajar MQ Desember', '', '', NULL, '01/01/2022', '1600000', 'uploads/laporan/files/eca61753e0e9be846abf785a2e54679a.pdf', 'uploads/laporan/files/f389c9464cacf4e632cb9622efda8f3a.pdf', '2022-01-17 23:25:27', '2022-01-27 03:38:04', '2', NULL, '1600000', NULL, NULL, NULL, NULL, NULL, NULL, NULL, '0', '0825a21e71616587b0b65ff6affc913b25d3dfe5cac23f0d1531422863d2e073daaef5877d2fc8bc87fbc81c7d5e8414217434147fdc29a334b13baff76a75d9', '2022-01-27 03:38:04', '2022-01-17 23:25:27', '1'),
(58, '17', '3', 'Proposal Pembuatan Web Yayayasan ', '', '', NULL, '01/01/2022', '2000000', 'uploads/laporan/files/6e9e7dd590460cb5f7b7090f9d6440f7.pdf', 'uploads/laporan/files/3d771b9509b5272e19bec98be7749f67.pdf', '2022-01-22 11:37:25', '2022-05-13 22:40:40', '2', NULL, '2000000', NULL, NULL, NULL, NULL, NULL, NULL, NULL, '0', 'bce66c2fda6883ad7bc4f152be0763634f868e1b8d1cdc15258ef039a54b407f8a98ad6902d0919c9879f47726fd0054fb4a99f17b80d0d473cebf88786ffb6b', '2022-05-13 22:40:40', '2022-01-22 11:37:25', '1'),
(59, '13', '1', 'Proposal dana Perlengkapan Fasilitas Kelas', '', '', NULL, '01/01/2022', '22608000', 'uploads/laporan/files/9738a809178445d1bdfdf9580f4a9bb3.pdf', 'uploads/laporan/files/617d7602809cd8cb844442b50bee68f5.pdf', '2022-01-24 20:00:15', '2022-01-27 03:35:07', '2', NULL, '22608000', NULL, NULL, NULL, NULL, NULL, NULL, NULL, '0', 'a89e6d1c277b0b9d163c8d47fcf27c7ebedc7dad8968af3407b6259eca0b71ff6ef07a2a2c8ebad57fc81ef663e1b7c990befd86a2e2ecb2a9b53f7189eabf69', '2022-01-27 03:35:07', '2022-01-24 20:00:15', '1'),
(60, '13', '3', 'Proposal Dana Maintenance Januari', '', '', '', '01/01/2022', '810500', 'uploads/laporan/files/d764717e6c26b3ee8ef7fe7326071cdf.pdf', 'uploads/laporan/files/bce580bc859037829fbd07284f27cfd9.pdf', '2022-01-24 20:08:18', '2022-01-27 03:36:32', '2', ' LPJ MAINTENANCE JANUARI', '810500', '0', '810500', '0', 'uploads/laporan/files/5247b44ca6b2479fcba2606c10390271.pdf', '', '2022-02-26 09:37:59', '2022-02-27 05:35:41', '2', 'f96e1b60d8893a08fce28a2c432f8c78f55b81d1e1d00978e3bcdb9a3bc41047e642d5cfaef497faa5629a8066ecb9d950bef1892624c1cec181d57ed37631b2', '2022-02-27 05:35:41', '2022-01-24 20:08:18', '1'),
(61, '13', '3', 'Proposal Dana Perlengkapan Fasilitas Musholla AL Mubarokah', '', '', '', '01/01/2022', '966000', 'uploads/laporan/files/fb157628966e6c684a5464d15965d0dc.pdf', 'uploads/laporan/files/b1b99a9ce57bb50bb0363ff011d6797b.pdf', '2022-01-24 20:11:38', '2022-01-27 03:33:07', '2', ' LPJ PERLENGKAPAN FASILITAS MUSHOLLA', '966000', '0', '966000', '0', 'uploads/laporan/files/cdd010e55893c4fb530819b965975bfe.pdf', '', '2022-02-26 09:41:16', '2022-02-27 04:44:27', '2', '9e3d093f20f7fea52d29fabb677c2f91e92b021f4c702f6c9b12c4b062e94eb53ca5dd35b41892bb042db57be4c6d52afbe870b1579e3d0bb03c41864090bedd', '2022-02-27 04:44:27', '2022-01-24 20:11:38', '1'),
(62, '19', '1', 'Proposal kegiatan Januari 2022', '<p>Anggaran yang diajukan untuk </p><ol><li>gaji guru Ekstrakurikuler januari dan Februari</li><li>Lomba Tahfidz Alquran</li><li>Ujian sekolah dan Praktik Kelas 6</li><li>Hari sampah</li><li>Verifikasi peserta ujian</li></ol>', '', NULL, '01/01/2022', '13442000', 'uploads/laporan/files/5f5a5137d23aa55f194a82be71d539c5.pdf', 'uploads/laporan/files/49c3a2147e803509b5fafd6497ef1858.pdf', '2022-01-25 11:32:47', '2022-02-02 15:53:21', '2', ' LPJ Kegiatan Januari', '13208000', '0', '12314200', '893800', 'uploads/laporan/files/cdfd42ddf9ed7a879935b85ce74d08b3.pdf', NULL, '2022-04-26 06:25:44', NULL, '1', '9a6bceda768c9c3fe496645cfe903e5cde31ff7e5daabc86f2c051ea8c6e2117125940c8d289c6fcd117f5a95c6558b8d68f51a1425af96a5e9656771fdb7837', '2022-04-26 06:25:44', '2022-01-25 11:32:47', '1'),
(63, '10', '1', 'Revisi KEGIATAN PENDIDIKAN FEBRUARI', '<figure class=\"table\"><table><tbody><tr><td><strong>Kegiatan</strong></td><td colspan=\"2\"><strong>Peruntukan</strong></td><td><strong>Biaya</strong></td><td><strong>Qty</strong></td><td><strong>Jumlah</strong></td></tr><tr><td>1. Pembinaan Guru</td><td>Fee Pembicara</td><td>Perbulan</td><td>750.000</td><td>3</td><td>2.250.000</td></tr><tr><td>2. Reprograming DSP</td><td> </td><td> </td><td>2.400.000</td><td>1</td><td>2.400.000</td></tr><tr><td>3. Video</td><td>PPDB </td><td> </td><td>750.000</td><td>1</td><td>750.000</td></tr><tr><td>4. Iklan internet</td><td>FB, Google</td><td>Perbulan</td><td>2.000.000</td><td>1</td><td>2.000.000</td></tr><tr><td>5. Promosi PPDB</td><td colspan=\"3\">Bergantung siswa</td><td> </td><td> </td></tr><tr><td>6. Studi Banding</td><td colspan=\"2\">Surat & Cendramata</td><td>200.000</td><td>1</td><td>200.000</td></tr><tr><td>(kunjungan awal & hari H)</td><td colspan=\"2\">Konsumsi 5 org</td><td>25.000</td><td>5</td><td>125.000</td></tr><tr><td> </td><td colspan=\"2\">Transportasi + e-toll</td><td>125.000</td><td>2</td><td>250.000</td></tr><tr><td colspan=\"2\">JUMLAH</td><td> </td><td> </td><td> </td><td>7.975.000</td></tr></tbody></table></figure>', '', '', '01/02/2022', '7975000', 'uploads/laporan/files/30e2ef32243c7eb6afaef3bab2c240ed.pdf', 'uploads/laporan/files/e7d7ff10946a27a5a6ba0cf77ffcd276.pdf', '2022-01-27 12:10:40', '2022-02-05 09:12:31', '2', ' Laporan Kegiatan Februari', '7975000', '0', '3956000', '4019000', 'uploads/laporan/files/ec85498bcd5750a1e0e9f9aaa203c1a7.pdf', '', '2022-03-03 08:14:40', '2022-03-06 14:22:43', '2', '9553696e538e28a9df0927d65dc6e4cfa073940c6769ab98d6dacf31e4c97b006559854c05495aa5292c551dbfdf1257e98829c202105db12781ac956d1a4fdd', '2022-03-06 14:22:43', '2022-01-27 12:10:40', '1'),
(64, '16', '1', 'PROPOSAL JUMAT BERKAH FEBRUARI', '', 'Mohon merevisi lpj desember. Terimakasih', NULL, '01/02/2022', '1000000', 'uploads/laporan/files/f2693ac82c57a63fd343618768753cb0.pdf', '', '2022-02-02 18:45:40', '2022-02-02 15:51:29', '3', NULL, '0', NULL, NULL, NULL, NULL, NULL, NULL, NULL, '0', 'b0f6c3b6efa2e446793b41b07fee67da243af7e48d763dda15d32d4b861983940f955b09802876f6a64dccf881f775bb88865062620f42b26ce64e95a25876ee', '2022-02-02 15:51:29', '2022-02-02 18:45:40', '1'),
(65, '16', '1', 'proposal pencairan dana jumber 7 januari', '', 'Sudah dicairkan di proposal 14 Jan', NULL, '01/01/2022', '415500', 'uploads/laporan/files/82f787c6a8aaba4db0b578b809142761.pdf', '', '2022-02-02 19:45:37', '2022-02-04 01:42:00', '3', NULL, '0', NULL, NULL, NULL, NULL, NULL, NULL, NULL, '0', '4832b529c3262332f0f275e5f0edf9f368ab80bb6f9bd972462feb77ee0258fbeb98a2a98b29f4f79d63da80558f3049a1c41d1d48f683c1309e46234a7cf2cc', '2022-02-04 01:42:00', '2022-02-02 19:45:37', '1'),
(66, '16', '1', 'proposal pencairan dana jumber 21 januari', '', '', NULL, '01/01/2022', '200000', 'uploads/laporan/files/553b7f5a9145ade1bd150dde0b6088c3.pdf', 'uploads/laporan/files/99b82604e1d3b3febabca77fa3c047e9.pdf', '2022-02-02 19:48:06', '2022-02-05 09:17:17', '2', NULL, '200000', NULL, NULL, NULL, NULL, NULL, NULL, NULL, '0', 'ae53bca63411c25708a9a74e455e29f4438431c05376caf95c299919e8f0e4953bec1161ffc84b2dcff79aae178f7e7084e0932e5ab26de90fbf0eaa818dbbc2', '2022-02-05 09:17:17', '2022-02-02 19:48:06', '1'),
(67, '16', '1', 'proposal pencairan dana jumber 28 januari', '', '', NULL, '01/01/2022', '200000', 'uploads/laporan/files/aed97664bba84298cbd6d97150a69b13.pdf', 'uploads/laporan/files/b5794e5c072a142b96c38b724e1d8374.pdf', '2022-02-02 19:51:03', '2022-02-05 09:15:23', '2', NULL, '200000', NULL, NULL, NULL, NULL, NULL, NULL, NULL, '0', '4c1103e00561520f3e74bd29688e5ea176958ea7b47efddb3d0c2afd2639cc1ecf1c76057aefaa125e6d9020a2bb4ae408f9b700d12bf4335331ec8e5161e1cb', '2022-02-05 09:15:23', '2022-02-02 19:51:03', '1'),
(68, '14', '1', 'Anggaran Kegiatan bulan Feb 2022', '', '', '', '01/02/2022', '4386000', 'uploads/laporan/files/f5e9b703b673804acf05eae1a9a17111.pdf', 'uploads/laporan/files/cbaeb2b2b5a4fb40d114005839cf7e8d.pdf', '2022-02-09 00:20:58', '2022-02-10 14:34:14', '2', ' LPJ KEGIATAN  NOV-FEB', '4199500', '0', '4007325', '192175', 'uploads/laporan/files/2b51bda7b8fa568aa9bf2d97a58c7a46.pdf', '', '2022-04-18 04:04:42', '2022-04-18 11:49:51', '2', '053f7cb5d0158c24deec12e447f46728c892fa357b9d50ff2f3b363e691ef6c7fd9616b1ce2e08b68694090ed7663a5858e484e0b96d84cfdbc58b89a97f9a3e', '2022-04-18 11:49:51', '2022-02-09 00:20:58', '1'),
(69, '21', '1', 'Anggaran Alquran bulan februari', '', '', 'Mohon menyertakan nota pengeluaran', '01/02/2022', '8658500', 'uploads/laporan/files/5117061cfff878c547bdf6378f46c9f7.pdf', '', '2022-02-09 12:07:42', '2022-02-11 15:25:07', '2', ' Laporan pertanggung jawaban kegiatan Alquran', '8658500', '0', '6855300', '1803200', 'uploads/laporan/files/83ea1b6ba75a0f6dc379b2447df59de1.pdf', '', '2022-06-02 04:51:44', '2022-06-02 15:29:18', '3', 'd0e7cf1c29d17dd8ed407f85aa05f966edb9f9aadb1a87943d653e4dd442db64b739a72a9b09f6c0f2ca3e7c117c009f9794df4064640d220bb13c726a7910d8', '2022-06-02 15:29:18', '2022-02-09 12:07:42', '1'),
(70, '18', '3', 'DP Tahap 2 Seragam', '', '', NULL, '01/02/2022', '43500000', 'uploads/laporan/files/781d04c104e7c21a80e9c2f0f5d4aa45.pdf', 'uploads/laporan/files/cd632924e11f3a8ae087e7fbdf65b7e1.pdf', '2022-02-11 12:44:31', '2022-02-12 22:28:47', '2', NULL, '43500000', NULL, NULL, NULL, NULL, NULL, NULL, NULL, '0', '20a1803940bdfb088da1e5f576f13a081f75c28eb299ec787efb13e6ac05f5d8b154e04eb36dc4d634a7f3bd62175f298a0e010e8a2001a6e8d38ff5c8d8207c', '2022-02-12 22:28:47', '2022-02-11 12:44:31', '1'),
(71, '16', '1', 'proposal anggaran jumat berkah februari', '', '', '', '01/02/2022', '1000000', 'uploads/laporan/files/523ee3cc34b190633defc1f3dfb18886.pdf', 'uploads/laporan/files/1015db7765dd8fafdeac840e54531b97.pdf', '2022-02-17 12:25:29', '2022-03-04 07:04:44', '2', ' LAPORAN PERTANGGUNG JAWABAN JUMAT BERKAH FEBRUARI', '1000000', '0', '1900000', '-900000', 'uploads/laporan/files/3189d846b78c9e539c7813efa5c16e83.pdf', '', '2022-04-12 05:22:22', '2022-04-14 15:26:17', '2', 'ef7b26f332f97209298438c569e66c6fb06f45833fc8cc33bd85bc7657630d4b81fd0a3c7207b8e0cc506fa664e0740a482778a1ef8b31f13d95a591cc2b3e28', '2022-04-14 15:26:17', '2022-02-17 12:25:29', '1'),
(72, '12', '1', 'pencairan dana transfer 4 februari 2022', '', '', NULL, '01/02/2022', '350000', 'uploads/laporan/files/a2adf8898f731d7a07b18437aae0efb6.pdf', 'uploads/laporan/files/c183c400892f9904e764555dc7694f4e.pdf', '2022-02-17 14:09:25', '2022-03-04 07:08:45', '2', NULL, '505500', NULL, NULL, NULL, NULL, NULL, NULL, NULL, '0', '508734337dff4037947b95d56615cf7eef571e6503f4218255d64dbd3ab70f35e488778a828ba17ae787afaf2998fbd81fafd639148319008b427ecd0c097a92', '2022-03-04 07:08:45', '2022-02-17 14:09:25', '1'),
(73, '12', '1', 'PENCAIRAN DANA TRANSFER JUMAT BERKAH 11 Februari 2022', '', '', NULL, '01/02/2022', '200000', 'uploads/laporan/files/5ada4709643a98777cdfb6e40898648c.pdf', 'uploads/laporan/files/11bacf4f191fe99ebf33eca4b2fe2baa.pdf', '2022-02-17 14:10:33', '2022-03-04 07:06:49', '2', NULL, '200000', NULL, NULL, NULL, NULL, NULL, NULL, NULL, '0', 'e8c25437d0e14cc25f5c501e674fadfc1bd8d135eba750bd66e55e07b773eb8635cbcddad511bbaa7a2148b329c90ae4b646b4b830f0370c4fbf0aca3571a238', '2022-03-04 07:06:49', '2022-02-17 14:10:33', '1'),
(74, '16', '1', 'bukti tf jumat berkah 18 feb', '', '', NULL, '01/02/2022', '200000', 'uploads/laporan/files/f7370a8260c4000227099413232753f5.pdf', 'uploads/laporan/files/027a13a229cea009444fcba601d6ae6e.pdf', '2022-02-22 14:30:05', '2022-03-04 07:02:11', '2', NULL, '274000', NULL, NULL, NULL, NULL, NULL, NULL, NULL, '0', '6f2eb9d2168bada14623ebcbe78bfe99924297720506b9aa185d1c785ac221f21b0503ac9ed65c93b3531891b650a02c2f03fd1ee0d2e8ef46c6dccc598813d6', '2022-03-04 07:02:11', '2022-02-22 14:30:05', '1'),
(75, '13', '3', 'PROPOSAL KANOPI DAN PAGARR', '<p>PROPOSAL KANOPI DAN PAGARR</p>', 'sudah', NULL, '01/02/2022', '37000000', 'uploads/laporan/files/c2ace1418ea748eb793f907ce4047c78.pdf', '', '2022-02-24 18:16:38', '2022-03-06 14:11:46', '3', NULL, '0', NULL, NULL, NULL, NULL, NULL, NULL, NULL, '0', 'd7d5c82414eabb7280bf767abd1636ba0d053b6557c4800c0952ff1d5b233bf7fefb49af455524bb230125ac7c6ff4c52a301ed1a0bb4b3f5aca00f64df0092b', '2022-03-06 14:11:46', '2022-02-24 18:16:38', '1'),
(76, '13', '3', 'PROPOSAL DANA KEPERLUAN KELAS', '<p>PROPOSAL DANA KEPERLUAN KELAS</p>', '', NULL, '01/02/2022', '99980000', 'uploads/laporan/files/40841fb5de912a6ce982ba4f56e85c54.pdf', 'uploads/laporan/files/63de22c4f773834159c6ae0d8e970369.pdf', '2022-02-24 18:30:11', '2022-03-09 10:24:43', '2', NULL, '43700000', NULL, NULL, NULL, NULL, NULL, NULL, NULL, '0', '80089797ff90bd57bac474bb43cb0c6ace857fa5297f160fe8af553fe85ec52b0ff04028f843a8e665d6832c1d50f697221b661ef6fdc6edd3d39868ae89ac07', '2022-03-09 10:24:43', '2022-02-24 18:30:11', '1'),
(77, '11', '1', 'KAFALAH PENGAJAR MQ FEBRUARI', '<p>Kafalah Pengajar MQ Februari 2022</p>', '', NULL, '01/03/2022', '1300000', 'uploads/laporan/files/6479197b7493524f4d551fd26559c137.pdf', 'uploads/laporan/files/2a1628861e02ff71274bb5d8fbd21613.pdf', '2022-03-01 00:06:39', '2022-04-10 19:19:23', '2', NULL, '1300000', NULL, NULL, NULL, NULL, NULL, NULL, NULL, '0', '402bfc3cac6b1588cd4705a271e9d8b7c5c2ca916d52f0ab8bbabfa5c2e72599c47c4c7119f6bc07018f81d13a8c37d3ce49da8c9cdaa84bd546e5d45c192d17', '2022-04-10 19:19:23', '2022-03-01 00:06:39', '1'),
(78, '20', '1', 'Proposal OL', '', '', '', '01/03/2022', '17150000', 'uploads/laporan/files/ed7e03a6cfe9a573bcd3a7b207997078.pdf', '', '2022-03-01 09:35:57', '2022-03-06 13:52:22', '2', ' LPJ OL (Outdoor Learning)', '17150000', '0', '17150000', '0', 'uploads/laporan/files/c2da2853afe5e2123b0091b664e9cd26.pdf', '', '2022-04-03 01:24:19', '2022-04-04 13:16:27', '2', '35f6ead2c15dcf9b6fe341cfa543314e1a3bd83acfbee9ddbd42460d13b4dd226633cbf0053379b4c62bd58b648c34b5e4d026077297e5589d2e70a130913bad', '2022-04-04 13:16:27', '2022-03-01 09:35:57', '1'),
(79, '14', '1', 'ANGGARAN KEGIATAN IL INDOOR LEARNIG', '<p>Anggaran Kegiatan IL Indoor Learnig</p>', '', '', '01/03/2022', '1250000', 'uploads/laporan/files/0089887af86c3764acbe78b8195607a8.pdf', '', '2022-03-01 21:43:33', '2022-03-13 13:22:25', '2', ' LPJ INDOOR LEARNING', '1250000', '0', '1250000', '0', 'uploads/laporan/files/163b24f18a5badff9292ae8e80d2e8ad.pdf', '', '2022-05-27 00:40:44', '2022-05-28 14:22:12', '2', 'fd419bd38b28d5624449b0c278f1ca6f11cffc8d8517c4ce239ed6423189c6b71474156ad7b3af612dcf4a119dac394b18fef0b646ea50a7a7179a0bf3f5e90c', '2022-05-28 14:22:12', '2022-03-01 21:43:33', '1'),
(80, '10', '1', 'Kegiatan Pendidikan Maret', '<figure class=\"table\"><table><tbody><tr><td>JUMLAH</td><td> </td><td>3.250.000</td></tr><tr><td>SISA FEB</td><td> </td><td>4.019.000</td></tr><tr><td>SALDO</td><td> </td><td>769.000</td></tr></tbody></table></figure>', '', '', '01/03/2022', '3250000', 'uploads/laporan/files/66c7cf08fe4bd6d48c6ff19b9ccb6626.pdf', 'uploads/laporan/files/b14ff9b3e1964ef6763dcbaa3dd50199.pdf', '2022-03-03 15:17:45', '2022-03-09 10:13:45', '2', ' Laporan Kegiatan Maret', '3250000', '0', '2850000', '400000', 'uploads/laporan/files/774a066cc46424dbc86f0d0c54bf6ef2.pdf', '', '2022-04-06 07:58:09', '2022-04-11 15:36:31', '2', '87b80a89cbb8bb1c996ecc60eaba73a0a63c1f70c81f29e21d29b7db01c35e021ee8940cf580e4a17e9d0f63c6b5080cc25c5303fbbae5ff4f63df3e23a90b4a', '2022-04-11 15:36:31', '2022-03-03 15:17:45', '1'),
(81, '13', '1', 'PROPOSAL KANOPI DAN PAGAR', '', '', NULL, '01/03/2022', '37000000', 'uploads/laporan/files/babafbffad61aebde41e9e00dde6ad68.pdf', 'uploads/laporan/files/cc2b23bfadc673d0d02f4cebf343997b.pdf', '2022-03-06 16:19:12', '2022-03-09 10:16:08', '2', NULL, '37000000', NULL, NULL, NULL, NULL, NULL, NULL, NULL, '0', '137c760605a4e3aaeb460bdd494319f66d2bba89012f1f0f3b88aae565fa394eca246d43809aad1840564ba81b3a7a2b5c799083cd234aeb989b46486dd915b0', '2022-03-09 10:16:08', '2022-03-06 16:19:12', '1'),
(82, '13', '1', 'PROPOSAL KEPERLUAN KELAS', '', 'sudah', NULL, '01/03/2022', '99980000', 'uploads/laporan/files/0c5a313ae5642208effd39bbbc20eef7.pdf', '', '2022-03-06 16:22:02', '2022-03-06 14:05:26', '3', NULL, '0', NULL, NULL, NULL, NULL, NULL, NULL, NULL, '0', 'f4cfc4cebb18c87cc29c61d3ee11a47b1d7abcaed1d519371bbb8869edcca00b3cd6a5260b75029be7e5647ac0d1f1a3e269b31b72b09e95b61ca6e2d1da3ef3', '2022-03-06 14:05:26', '2022-03-06 16:22:02', '1');
INSERT INTO `anggaran` (`id_anggaran`, `id_akun_keuangan`, `id_tahun_ajaran`, `nama_anggaran`, `uraian`, `keterangan_prop`, `keterangan_lpj`, `waktu`, `nominal_dana_awal`, `file_laporan_proposal`, `file_laporan_proposal_acc`, `tanggal_pengajuan_proposal`, `tanggal_persetujuan_proposal`, `status_acc_proposal`, `nama_lpj`, `nominal_dana_acc`, `nominal_dana_eksternal`, `nominal_dana_terpakai`, `nominal_dana_sisa`, `file_laporan_lpj`, `file_laporan_lpj_acc`, `tanggal_pengajuan_lpj`, `tanggal_persetujuan_lpj`, `status_acc_lpj`, `token`, `updated_at`, `inserted_at`, `status_anggaran`) VALUES
(83, '19', '1', 'Kegiatan Maret', '<p>Gaji guru ekstrakurikuler, lomba dongeng dinas pendidikan, JR dan do\'a bersama kelas 6, Outdoor Learning kelas 1,2,3, 4,5,6 dan ICP</p>', '', 'revisi dikirim by wa', '01/03/2022', '51390910', 'uploads/laporan/files/79f65a4dee63e90628aa490552d66d1d.pdf', 'uploads/laporan/files/93c19e6f0ff4d252dee01972a52707a6.pdf', '2022-03-08 08:43:31', '2022-03-09 14:29:01', '2', ' LPJ Kegiatan Maret', '49348000', '0', '49348000', '0', 'uploads/laporan/files/301bb4323ea82626b34efea2fc6c67a0.pdf', '', '2022-04-26 01:19:18', '2022-04-24 22:17:26', '1', 'cf17a9a166002747a9a6b91ce3ba505ea4345b478a756bc09ed2f97a1c2a60d2f80af97b02df32186ac11c0f603f4c23ccc30936434f88889195d8cbf900dba8', '2022-04-26 01:19:18', '2022-03-08 08:43:31', '1'),
(84, '13', '3', 'PROPOSAL MEJA DAN KURSI', '', 'dobel', NULL, '01/03/2022', '56280000', 'uploads/laporan/files/3b1cf762df12d5201cd05ffa86c95e75.pdf', '', '2022-03-08 17:54:00', '2022-03-09 09:48:28', '3', NULL, '0', NULL, NULL, NULL, NULL, NULL, NULL, NULL, '0', 'b04ef23cefae506c61eefed0730029ff8eac3df32874f0435b88f36c69d4950463ee4f2f2202b20c9d40fefb1dd7270a761666d1b8bda0ad223280f9118ce11e', '2022-03-09 09:48:28', '2022-03-08 17:54:00', '1'),
(85, '13', '3', ' REVISI PROPOSAL MEJA DAN KURSI', '', '', '', '01/03/2022', '56280000', 'uploads/laporan/files/a677043c3e3b317ab9bdccd8739601a3.pdf', 'uploads/laporan/files/b095b6bb43851497f9ca9734ad8f7af6.pdf', '2022-03-09 11:23:26', '2022-03-09 10:21:24', '2', ' LPJ EDU CHAIR & EDU DESK', '56280000', '0', '56280000', '0', 'uploads/laporan/files/7d64d8919e76a547d2cc901377174e29.pdf', '', '2022-06-27 11:58:35', '2022-06-27 15:09:04', '2', 'a805d7d6208d4bd5cc64e2578c42e478a8f5ca311c08e462475fd029d3da911e9a6fac3c49bc68ea1062c417df805830b22ec606fcbce14a96fc8ba250f79e0d', '2022-06-27 15:09:04', '2022-03-09 11:23:26', '1'),
(86, '13', '1', 'PROPOSAL KEPERLUAN ADIWIYATA', '', '', '', '01/03/2022', '6930000', 'uploads/laporan/files/221680c15f60838ec7fa965929596429.pdf', 'uploads/laporan/files/9d214ca9d617a13ceb42aba9c36ee9d8.pdf', '2022-03-13 10:50:34', '2022-04-10 19:14:43', '2', ' LPJ KEPERLUAN ADIWIYATA', '6930000', '0', '6960000', '-30000', 'uploads/laporan/files/1403fe5aa985b911d9640b14bbe5d441.pdf', '', '2022-04-15 03:40:21', '2022-04-17 13:52:10', '2', '2804b2624987c73aa296ec63ab3c8e71d7c19d9936228114fbf9ef6e5b40999cff745ed60160179228137ece3b960b4a519e01110192daae4b9021e523c4514e', '2022-04-17 13:52:10', '2022-03-13 10:50:34', '1'),
(87, '12', '3', 'pencairan dana transfer 18 februari 2022', '', 'Sama dengan proposal sebelumnya', NULL, '01/02/2022', '200000', 'uploads/laporan/files/b92b3a58ec9041cdb455209f5608f878.pdf', '', '2022-03-15 21:54:47', '2022-03-21 13:08:15', '3', NULL, '0', NULL, NULL, NULL, NULL, NULL, NULL, NULL, '0', 'dbed30134d22c52e38ce9a90fb18ec6cb7a75684ac9586c12ff54d25a0404ab0e59b4f9b21405fbc006e0d7759e2fc6f1c2fd7b1dbbd59a2f908cff8f995f1d9', '2022-03-21 13:08:15', '2022-03-15 21:54:47', '1'),
(88, '12', '3', 'pencairan dana transfer 25 februari 2022', '', '', NULL, '01/02/2022', '200000', 'uploads/laporan/files/6697e9f5ef2ae8d9f871b33afc18d423.pdf', 'uploads/laporan/files/8ffc98eea375533e6ee73bc9b3a71dd8.pdf', '2022-03-15 21:55:31', '2022-04-10 19:17:24', '2', NULL, '200000', NULL, NULL, NULL, NULL, NULL, NULL, NULL, '0', '1ae73d1b15b1483a7b1168c61577db6e79c251057fe0a94f64cecb839e56b7486e4a4a56e9370709a52b6ac8063066a16f4a8c9cd58b836530fe42609ec5a273', '2022-04-10 19:17:24', '2022-03-15 21:55:31', '1'),
(89, '16', '1', 'bukti tf jumat berkah 11 maret 2022', '', '', NULL, '01/03/2022', '600000', 'uploads/laporan/files/57c46467ee66f72361707cf95ad70f35.pdf', 'uploads/laporan/files/84718a61d0cfea08c5a127efe813503f.pdf', '2022-03-18 11:28:33', '2022-04-10 19:25:06', '2', NULL, '600000', NULL, NULL, NULL, NULL, NULL, NULL, NULL, '0', '39625426a11ff5038ad970b3cd88703dcdd8ef00db6ccbd8fd9f451534240a5f552652a7614d6b164aaf1497158672306fc294a8e336ba033ed0914bde8a3e17', '2022-04-10 19:25:06', '2022-03-18 11:28:33', '1'),
(90, '16', '1', 'bukti tf jumat berkah 18 maret 2022', '', '', NULL, '01/03/2022', '260000', 'uploads/laporan/files/e4e8fd594f890d686a340325ef66b474.pdf', 'uploads/laporan/files/1eb53e6211dd6381517252db60f35ff0.pdf', '2022-03-18 13:40:30', '2022-04-10 19:23:37', '2', NULL, '260000', NULL, NULL, NULL, NULL, NULL, NULL, NULL, '0', 'b058042cbbdc766f860b13c4b71613bd315b496cd2c3074f8a2046d97c5ac45fe787856826fb29996664d675cf325d1886fe378310fcb9bdd05b0d99da3f3c07', '2022-04-10 19:23:37', '2022-03-18 13:40:30', '1'),
(91, '16', '1', 'bukti tf jumat berkah 4 maret 2022', '', '', NULL, '01/03/2022', '200000', 'uploads/laporan/files/2b6e3f080c22f3e9ae96ab1ba5b5285f.pdf', 'uploads/laporan/files/cc4f22f57ddefba3e30cef979e3f0165.pdf', '2022-03-18 13:42:41', '2022-04-10 19:21:51', '2', NULL, '200000', NULL, NULL, NULL, NULL, NULL, NULL, NULL, '0', 'd7566f941c73d493a8c55e403436eda257283cfa00a8d3b6d1461a734e92966fc4d9c23f20aae1b78d02902087b61035af4b4468d68f988502b24311c7be933a', '2022-04-10 19:21:51', '2022-03-18 13:42:41', '1'),
(92, '11', '1', 'KAFALAH PENGAJAR MQ MARET', '<p>Kafalah Pengajar MQ Maret</p>', '', NULL, '01/03/2022', '2150000', 'uploads/laporan/files/c0599c54258aeee51f15d82b180e72bf.pdf', 'uploads/laporan/files/0f57619f957dfc6aaa6825e876749e83.pdf', '2022-03-28 14:09:18', '2022-04-20 09:24:32', '2', NULL, '2150000', NULL, NULL, NULL, NULL, NULL, NULL, NULL, '0', '78fe15bb5ad2e062433c22bc793ed6a556e158e80c698899d900ffcee18d83adc6020cf772311fd5a61d1365e9f8c774e2f13ea91946b5d244e162d79cec8e62', '2022-04-20 09:24:32', '2022-03-28 14:09:18', '1'),
(93, '16', '1', 'Bukti Transfer Jumat Berkah 25 Maret', '', '', NULL, '01/03/2022', '200000', 'uploads/laporan/files/e969a13117be9c4f6cb37a78d2381c0e.pdf', 'uploads/laporan/files/8aeb40d48d86aa8003e9796060837d1d.pdf', '2022-03-31 21:15:24', '2022-04-12 06:00:03', '2', NULL, '200000', NULL, NULL, NULL, NULL, NULL, NULL, NULL, '0', '1d70963001e882de3bbaedb859a956874d0852813b902fcbd9c9a7ab6ea8b65f74e243632b4123daa378e6b82ed3c542c5c746213423addacfbe4b936876f288', '2022-04-12 06:00:03', '2022-03-31 21:15:24', '1'),
(94, '17', '1', 'PROPOSAL PENGAJUAN DANA PERLENGKAPAN KANTOR YAYASAN ', '', '', '', '01/04/2022', '317598', 'uploads/laporan/files/7c449fd417fc0e2af5edfbf845e86272.pdf', 'uploads/laporan/files/08ff40e83c5bf7b1af50b2e678cca10b.pdf', '2022-04-01 14:57:25', '2022-04-12 05:52:13', '2', 'LPJ KEPERLUAN KANTOR YAYASAN', '317600', '0', '317598', '2', 'uploads/laporan/files/c6ecb8ce8718dab4b7ddcb6e3869cb75.pdf', '', '2022-04-21 02:53:14', '2022-04-22 16:25:48', '2', '075b19b23a271084ee6749de37ee4b4691461005ebad5fe8ba769b97d0329f7b2fba96ad3069663154fb5b117bdf4d6a76eb2cfd3e7c0a445ccc2d76fe3e6d89', '2022-04-22 16:25:48', '2022-04-01 14:57:25', '1'),
(95, '20', '1', 'Proposal Wisuda kelas IX', '', '', NULL, '01/04/2022', '9280000', 'uploads/laporan/files/80b6235fa17643a4205949f183be2f3f.pdf', '', '2022-04-03 08:37:07', '2022-04-25 14:03:10', '2', ' LPJ Wisuda Kelas IX', '9280000', '0', '9280000', '0', 'uploads/laporan/files/8573e86afb664cea0f3f0370bc668854.pdf', NULL, '2022-07-08 01:23:06', NULL, '1', 'b19a3a93290207d165975f93c696a66df35f92decedfaa1d1906c64670025b71499452e8ec8518addb5e175933a43c0fed9f7f972e1c8f996b996d38e96122ff', '2022-07-08 01:23:06', '2022-04-03 08:37:07', '1'),
(96, '20', '1', 'Proposal Kegiatan April', '', '', '', '01/04/2022', '4180000', 'uploads/laporan/files/ea96653ca13e0500498f2d4d6d077f03.pdf', '', '2022-04-03 08:56:43', '2022-04-04 14:29:17', '2', ' Kegiatan April', '4180000', '0', '4180000', '0', 'uploads/laporan/files/b865fb04056fb527581c3655fbae0fb3.pdf', '', '2022-04-22 03:26:37', '2022-04-22 16:56:02', '2', '2b0623b24e0a7454aac9b54612de65335e4c58b7c39eb1b1cac52f32b6187356e07a1f8fab37acdeb8e9de5caaa307b3233ae2c39783b657c22dbe227ce7c5af', '2022-04-22 16:56:02', '2022-04-03 08:56:43', '1'),
(97, '20', '1', 'Proposal Tahassus dan Bedah Kisi Usek ', '', '', '', '01/04/2022', '1300899', 'uploads/laporan/files/12b9cc4894b8ea3626f4e8b6ec90889d.pdf', '', '2022-04-03 09:54:05', '2022-04-05 05:49:25', '2', ' Tahassus dan Bedah Kisi', '1301000', '0', '1301000', '0', 'uploads/laporan/files/37d01c1d24bca6fe07678bb90d415e1d.pdf', '', '2022-04-22 03:25:01', '2022-04-22 16:42:21', '2', '4e18429662b13791764a7e9155c3e6a1f68b1d06d755608f481d4849c84b72973cabd45e38a88156aa47dacee9ed33b3c683dd3663e91454426fb2273103809d', '2022-04-22 16:42:21', '2022-04-03 09:54:05', '1'),
(98, '10', '1', 'Kegiatan Pendidikan April', '<figure class=\"table\"><table><tbody><tr><td>Jumlah Kebutuhan </td><td> </td><td>4.100.000</td></tr><tr><td>SISA Maret</td><td> </td><td>1.169.000</td></tr><tr><td>kekurangan</td><td> </td><td>2.931.000</td></tr></tbody></table></figure>', '', '', '01/04/2022', '2931000', 'uploads/laporan/files/106bc7fd36bfcecec3b9f7b33e76c2f3.pdf', 'uploads/laporan/files/b4d237f3c9176b9ed71a2aa8de4ab27b.pdf', '2022-04-06 15:01:16', '2022-04-12 05:54:52', '2', ' Laporan Kegiatan April revisi', '4100000', '0', '3750000', '350000', 'uploads/laporan/files/97539c90bdf8935198d426b456966113.pdf', '', '2022-04-30 23:43:35', '2022-05-01 17:30:23', '2', '3cee6c0e36449835c2f9fc3da07bd1308f1c8e03f20d94fa53645762c8ec1181f2da534fbc69aff422f39a98f427afd02b5c091971d0f989e74f05b18a34207d', '2022-05-01 17:30:23', '2022-04-06 15:01:16', '1'),
(99, '14', '1', 'PONRAM', '<p>Ponram</p>', '', NULL, '01/04/2022', '1750000', 'uploads/laporan/files/86070645ceedec991037b7301b2b6eaa.pdf', 'uploads/laporan/files/95cc9e0dcbca788bd88bd4ad794ec8a2.pdf', '2022-04-14 09:10:55', '2022-04-18 13:10:39', '2', NULL, '1645000', NULL, NULL, NULL, NULL, NULL, NULL, NULL, '0', '552f2d4b77ad35d2460a78d0bbc98c7b72dcfaa79e8baee480bf90baad06528b269fc688d42e8b1de6cf52f1047559b22a0b017ee831a8533d4917e1d53c5c80', '2022-04-18 13:10:39', '2022-04-14 09:10:55', '1'),
(100, '12', '3', 'PROPOSAL JUMAT BERKAH Maret 2022', '', '', '', '01/03/2022', '1000000', 'uploads/laporan/files/2d2ad2ada3e649678b7b11d20e904bec.pdf', 'uploads/laporan/files/023af963f95c18e71c6981bbf0e92928.pdf', '2022-04-16 00:10:23', '2022-04-17 03:08:37', '2', ' lpj maret', '1000000', '0', '1000000', '0', 'uploads/laporan/files/86b0b7a39baed1b1ac04ef9783830571.pdf', '', '2022-05-04 02:06:41', '2022-06-08 14:51:21', '2', 'b843a76fd144b3b92a8513ed9698957c8622e6ea8a66dd6f89e08525825e4bf2019a2b4a55aad154617c299f20df58720f960dd1463997c6aa2a04b7ed75157f', '2022-06-08 14:51:21', '2022-04-16 00:10:23', '1'),
(101, '11', '1', 'Kafalah Takmir Masjid Ar Rahmah bulan Maret', '', '', '', '01/03/2022', '650000', 'uploads/laporan/files/965d97c6b37c70e503677f21b4e830b3.pdf', 'uploads/laporan/files/003187f538b5657bdb8e3281def1daed.pdf', '2022-04-16 02:03:37', '2022-04-17 03:06:58', '2', ' LPJ Takmir Masjid Ar Rahmah bulan Maret', '650000', '0', '650000', '0', 'uploads/laporan/files/4b36bd1ae318b492e9051a0fda7ef5f4.pdf', '', '2022-05-03 07:35:33', '2022-05-03 17:13:01', '2', '13bbdeb01c5c37af969897e5f3f3a0af6ac5ca398c877c666d78a9174ce48f681cfd16b07b56092601a36a2406c5679d507666a63d1d23bd18ed61dc919166ea', '2022-05-03 17:13:01', '2022-04-16 02:03:37', '1'),
(102, '11', '1', 'Proposal pencairan dana kajian nuzulul quran', '', '', '', '01/04/2022', '1800000', 'uploads/laporan/files/ca2a3eb216c5ed28468226a72785d9f6.pdf', 'uploads/laporan/files/1929491b76268a111cd4862770c25092.pdf', '2022-04-16 02:42:04', '2022-04-17 05:50:58', '2', ' LPJ Kajian Nuzulul Qur\'an', '1800000', '0', '1550000', '250000', 'uploads/laporan/files/fcf0c04fa1d7f939a9820f20da7342e2.pdf', '', '2022-04-20 13:51:19', '2022-04-22 16:33:06', '2', '22497e93666aeebe50578390c530ad160236cc0fb97944bede15c67c9c78629a20b2049dfb379d67e4f53b78236a9986c77316f64e64966b8705608cd71b4b1b', '2022-04-22 16:33:06', '2022-04-16 02:42:04', '1'),
(103, '19', '1', 'Proposal kegiatan April 2022', '<p> </p><figure class=\"table\"><table><tbody><tr><td>Lomba PAI </td></tr><tr><td>Lomba OSN</td></tr><tr><td>ClassMeeting dan Pekan Literasi</td></tr><tr><td>Dana Siswa Berprestasi Semester Genap</td></tr><tr><td>Pondok Ramadhan</td></tr><tr><td>Wisuda SD</td></tr></tbody></table></figure>', '', NULL, '01/04/2022', '25512500', 'uploads/laporan/files/2a3fe953ce1009289d59b8d918f03fc9.pdf', 'uploads/laporan/files/a99e558d004895bebaf71724c099928a.pdf', '2022-04-20 09:26:18', '2022-04-28 16:26:20', '2', NULL, '24672500', NULL, NULL, NULL, NULL, NULL, NULL, NULL, '0', '095232f10d8e002478caa7ad77135db550962e1e9d1b5f7722e6704b28a09ed68f66507e6950e1a4a02013c066c42b467964f3a94c85e6959f379b1259c44819', '2022-04-28 16:26:20', '2022-04-20 09:26:18', '1'),
(104, '20', '1', 'Proposal PAT', '', '', '', '01/05/2022', '1746000', 'uploads/laporan/files/e2f52bdddc84c43b969d445f3254276e.pdf', '', '2022-04-22 11:27:59', '2022-05-13 14:08:49', '2', ' LPJ PAT', '1746000', '0', '1746000', '0', 'uploads/laporan/files/525de729692bd0589c33a82b39cd9abb.pdf', '', '2022-07-08 03:20:08', '2022-07-12 13:42:38', '2', 'e77011bca5105a425230f00a2c45eccbeb9be3900950d2efbd6d321fd9296dbbccf02bc339e9cc3109e7792244e9f31b7f1a039fef0a49863764f3b5d7983bd1', '2022-07-12 13:42:38', '2022-04-22 11:27:59', '1'),
(105, '16', '1', 'proposal anggaran jumat berkaH april', '', '', '', '01/04/2022', '1250000', 'uploads/laporan/files/7072f05290e80e0d228b984084d7cbef.pdf', 'uploads/laporan/files/ec7169a8e79e78285f8c35da4cdb5ad7.pdf', '2022-04-22 12:07:07', '2022-04-29 13:54:13', '2', ' LAPORAN PERTANGGJAWABAN BULAN APRIL', '1250000', '0', '1250000', '0', 'uploads/laporan/files/12909827f2dc28d0c34986c85702c0a2.pdf', '', '2022-05-05 04:14:40', '2022-06-08 14:50:36', '2', 'ef9a6b4454ce19fc38a65889c93dc0aa0fb6e88b549ddbd5c2c70507842d62afd98fbaffa076966e6a3dc79bc03814f13fdc5043322291c6a12b711df7ba612f', '2022-06-08 14:50:36', '2022-04-22 12:07:07', '1'),
(106, '11', '1', 'Kafalah Pengajar MQ April', '', '', '', '01/04/2022', '2000000', 'uploads/laporan/files/179e07c8eaf35ab2b71cee2c99c4871f.pdf', 'uploads/laporan/files/6dee76c1a7e75eedc552fe988af9e180.pdf', '2022-04-26 18:32:10', '2022-04-29 13:57:45', '2', 'dana terpakai sesuai dengan yang diajukan, yg berbeda hanya nominal pemasukkannya, karena ada revisian', '2000000', '0', '2000000', '0', 'uploads/laporan/files/b44ca441c031d627800ca22ade08162b.pdf', '', '2022-05-01 18:14:30', '2022-05-03 00:17:16', '2', '6002aae3f655a4449449b9ccbdcd69fa02c6bd44a428a90c02db599923a833d864b6938ad1b7147d7d0ad574f67db1fdae1616d0b616f97835fa5bc7ec0b5a29', '2022-05-03 00:17:16', '2022-04-26 18:32:10', '1'),
(107, '10', '1', 'Proposal Kegiatan Mei', '<figure class=\"table\"><table><tbody><tr><td><strong>Kegiatan</strong></td><td colspan=\"2\"><strong>Peruntukan</strong></td><td><strong>Biaya</strong></td><td><strong>Qty</strong></td><td><strong>Jumlah</strong></td></tr><tr><td>1. Pembinaan Guru</td><td>Fee Pembicara</td><td>Perbulan</td><td>750.000</td><td>1</td><td>750.000</td></tr><tr><td>2. Halal bi Halal</td><td>Konsumsi & tempat</td><td>11 Mei</td><td>70.000</td><td>70</td><td>4.900.000</td></tr><tr><td> </td><td>Hadiah & Bingkisan</td><td> </td><td>100.000</td><td>6</td><td>600.000</td></tr><tr><td>3. Iklan internet</td><td>Google</td><td>Perbulan</td><td>600.000</td><td>1</td><td>600.000</td></tr><tr><td>3. BPI</td><td>Kajian ke 3</td><td>Pekan ke 4</td><td>500.000</td><td>1</td><td>500.000</td></tr><tr><td>3. Promosi PPDB</td><td colspan=\"3\">Bergantung siswa dan sekolah mitra</td><td> </td><td> </td></tr><tr><td colspan=\"2\"> </td><td> </td><td>JUMLAH</td><td> </td><td>7.350.000</td></tr><tr><td colspan=\"2\"> </td><td> </td><td>SISA April</td><td> </td><td>350.000</td></tr><tr><td colspan=\"2\"> </td><td> </td><td>kekurangan</td><td> </td><td>7.000.000</td></tr></tbody></table></figure>', '', '', '01/05/2022', '7350000', 'uploads/laporan/files/a5259f9ab88aa7315aa068a06e85dd01.pdf', 'uploads/laporan/files/ee9fe0ea76c007247d4d67cfc65aae8a.pdf', '2022-04-28 08:41:00', '2022-04-29 14:02:36', '2', ' LPJ Kegiatan Mei', '7350000', '0', '5899000', '1451000', 'uploads/laporan/files/256e382f156af5b4f707dee695ac48b3.pdf', '', '2022-06-23 11:30:48', '2022-06-27 14:48:56', '2', '1ab5bb14c9d0640009bdf9b524e7d3caf6bdd2b3d02707fcd4e41216e5ab7c26ca15a9a85f6c87724427c7bdc04faf446c715bfcf53bf11da4c4ba52543c2a29', '2022-06-27 14:48:56', '2022-04-28 08:41:00', '1'),
(108, '11', '1', 'proposal kafalah takmir masjid ar rahmah bulan april', '', '', NULL, '01/05/2022', '650000', 'uploads/laporan/files/507d2ec0372a0765eaba804d4d2d37d0.pdf', '', '2022-05-03 14:54:56', '2022-06-03 12:33:16', '1', NULL, '650000', NULL, NULL, NULL, NULL, NULL, NULL, NULL, '0', '0df24ae57e7ea7025b707afce055e8c6881864e8c7f10b385f3c147fad176b8f66d3108b46e9e9fe5920e1340569c3b7b941928c0b401a3deeeeccce5125ea34', '2022-06-03 12:33:16', '2022-05-03 14:54:56', '1'),
(109, '9', '1', 'Proposal Rapat Tahunan ', '', '', NULL, '01/05/2022', '17680000', 'uploads/laporan/files/e7fbe169999d131179dd7ffee4060bc9.pdf', 'uploads/laporan/files/6460844a6289aecad0c4885cf38bc470.pdf', '2022-05-04 19:54:26', '2022-05-05 13:18:08', '2', NULL, '17680000', NULL, NULL, NULL, NULL, NULL, NULL, NULL, '0', '23897ce301e791e27c7c0ccf28cd8e36293f95499a0f0dd5eb139800cc3541c46912fd3aa71066fb734e9865b06672a0f7c63bfc953a453245be73b9b51ae0aa', '2022-05-05 13:18:08', '2022-05-04 19:54:26', '1'),
(110, '12', '1', 'proposal pencairan dana rumah sedekah utsman zakat fitrah & bingkisan program ramdhan', '', '', NULL, '01/04/2022', '2660000', 'uploads/laporan/files/e4c35880033b428333ffadd53a17c48c.pdf', 'uploads/laporan/files/0ea89b02d8b042e62ac2dd8c85fe4bb4.pdf', '2022-05-05 13:25:28', '2022-05-13 22:39:29', '2', NULL, '2660000', NULL, NULL, NULL, NULL, NULL, NULL, NULL, '0', '29680c148fff635285e681819efc9d13c44e3ee09f0d617937f22fbcd30841eb327535af627698a0266f46ebf17651a6ae950686658371e0bd5e0f41335aaee6', '2022-05-13 22:39:29', '2022-05-05 13:25:28', '1'),
(111, '12', '1', 'pencairan dana zakat fitrah & bingkisan rsu', '', 'Dobel', NULL, '01/04/2022', '2660000', 'uploads/laporan/files/712fadc6ed06927197a3f3a9616f7260.pdf', '', '2022-05-05 13:35:34', '2022-05-13 06:22:52', '3', NULL, '0', NULL, NULL, NULL, NULL, NULL, NULL, NULL, '0', '0cebbd4e3846da59fed83168fce97a1563931ef93c943b663958cb58e39bf131b86eb08fd2b602c5bc6da30b9f5be085de18b2e63f6b7fce9fd615fd3fc580a9', '2022-05-13 06:22:52', '2022-05-05 13:35:34', '1'),
(112, '16', '1', 'PROPOSAL JUMAT BERKAH MEI', '', '', NULL, '01/05/2022', '1000000', 'uploads/laporan/files/3b3f1b3585d526db346873f4c445742c.pdf', 'uploads/laporan/files/b9844f82d8c118078f7887e7387f1d0f.pdf', '2022-05-13 15:07:59', '2022-05-19 02:56:58', '2', NULL, '1000000', NULL, NULL, NULL, NULL, NULL, NULL, NULL, '0', '28b45c60d53d6a3cdfd00b7b80a21f0f3ec06ff555b56f6fbf39bc58c699d08b9223f8be52d3b907f6aa22ba710ca1a0d2da889250207d49ae672772af51b2b3', '2022-05-19 02:56:58', '2022-05-13 15:07:59', '1'),
(113, '13', '1', 'Proposal AC TU', '', '', '', '01/05/2022', '3600000', 'uploads/laporan/files/35bfe5e3af0d5271e22a50c1221f72d8.pdf', 'uploads/laporan/files/4ac4d791d9cd2b8699d500ac4efca988.pdf', '2022-05-21 06:42:56', '2022-05-24 05:08:28', '2', ' LPJ PENGGANTIAN AC TU', '3600000', '0', '3970000', '-370000', 'uploads/laporan/files/53b384a66e9e8e256c71a5d6a404c959.pdf', '', '2022-06-27 02:40:52', '2022-06-27 15:01:21', '2', '15649431bc3358e8094274f77adc3ef47479eaa7f2689a7b570b4799f08aa788a5c8f5e514b8fe36826078520a4e82ab594f7802f1eaf5e40131183d15187a0a', '2022-06-27 15:01:21', '2022-05-21 06:42:56', '1'),
(114, '14', '1', 'PROPOSAL ANGGARAN BULAN MEI ', '', '', NULL, '01/05/2022', '1466500', 'uploads/laporan/files/5e37b91cd7c2c58d17ec3bd29e0d050d.pdf', 'uploads/laporan/files/7b0ee9b818c1333363e46117dcadf815.pdf', '2022-05-21 21:32:24', '2022-05-24 03:10:49', '2', NULL, '1564500', NULL, NULL, NULL, NULL, NULL, NULL, NULL, '0', '1d9ef3949c0cdc4ebafc253a3c833810d8ad408851b92af9f42dee2c6088dcde77aa627e9da873c8e61333eb979bb128a06bd095bcf21d292d7bebccafe54a04', '2022-05-24 03:10:49', '2022-05-21 21:32:24', '1'),
(115, '14', '1', 'PROPOSAN OPRASIONAL  BULAN MEI ', '', 'Dobel', NULL, '01/05/2022', '1466500', 'uploads/laporan/files/bc99c754812f3c530c36426eaeb20466.pdf', '', '2022-05-21 21:34:38', '2022-05-24 03:00:04', '3', NULL, '0', NULL, NULL, NULL, NULL, NULL, NULL, NULL, '0', 'c55e0ac1a4b226d946e18a7ffd41b66adc5fb5ca9661c67b41682405a65a86c644639a7584c569cce810f5c121d2af67bfea6be13394e43a73b515e9387a755c', '2022-05-24 03:00:04', '2022-05-21 21:34:38', '1'),
(116, '14', '1', 'PROPOSAL ANGGARAN BULAN MEI KB TK', '', 'dobel', NULL, '01/05/2022', '1446500', 'uploads/laporan/files/e38439a61b02b4d6f60bfe84dbede367.pdf', '', '2022-05-21 21:35:41', '2022-05-24 03:00:52', '3', NULL, '0', NULL, NULL, NULL, NULL, NULL, NULL, NULL, '0', '857b1c3fd3a60fb94880f316828563bcd9945e5971e2635946310b1a9c396b16c38b8d88dc9810bdbc55a3b751648bededcd2dfc6eca1eb50ef7c5d17c2259c2', '2022-05-24 03:00:52', '2022-05-21 21:35:41', '1'),
(117, '14', '1', 'PROPOSAL ANGGARAN MARET,APRIL DAN MEI', '', 'dobel', NULL, '01/05/2022', '1446500', 'uploads/laporan/files/8103993e91c51b2dbf8f3bb657b54b8c.pdf', '', '2022-05-21 21:36:52', '2022-05-24 03:00:27', '3', NULL, '0', NULL, NULL, NULL, NULL, NULL, NULL, NULL, '0', 'ea0aaa8e5e7a8163009e14a5c79ea3f71a3a3e021789e2c603c3e8856f8d2e226e017cf64eaf96fcc88c884451cd78a06f9b58dcea6825aca516f363ec0c978e', '2022-05-24 03:00:27', '2022-05-21 21:36:52', '1'),
(118, '14', '1', 'PROPOSAL OUTBOND KB TK', '<p>PROPOSAL OUTBOND KB TK</p>', '', NULL, '01/06/2022', '13500000', 'uploads/laporan/files/e2ba3bb8c39116460788408af594c882.pdf', 'uploads/laporan/files/d3b9990ba2821e3d2c5a870317689eb2.pdf', '2022-05-24 21:43:27', '2022-05-28 15:12:24', '2', NULL, '12690000', NULL, NULL, NULL, NULL, NULL, NULL, NULL, '0', '79db00dedf728cf6cc0f62e27ceb95aa331efc710a7b035aa4fc86766b633fa3563cca8f90fe5916cca79adbd45e52011911b005245f2cab41d8193e5f0275f6', '2022-05-28 15:12:24', '2022-05-24 21:43:27', '1'),
(119, '14', '1', 'PROPOSAL WISUDA ', '', '', NULL, '01/06/2022', '21240000', 'uploads/laporan/files/ed13c402dd70cd24c248026ce5da330b.pdf', 'uploads/laporan/files/c6aa53af14b803e7715d80ff7e02e9c8.pdf', '2022-05-27 10:38:11', '2022-05-31 02:25:04', '2', NULL, '10665000', NULL, NULL, NULL, NULL, NULL, NULL, NULL, '0', '3c058d13b89e0c0cdb83d16970c664721339695671dbe68b6bef272b7c4ecd4496d81d207dd4590ebe62e8c9e8bbb810bf1ff8520bc31ec33eec8f4590a7766a', '2022-05-31 02:25:04', '2022-05-27 10:38:11', '1'),
(120, '20', '1', 'Proposal Raker MKKS', '', 'Dobel', NULL, '01/06/2022', '1000000', 'uploads/laporan/files/be7b6078183623fa0487a46cc03c6036.pdf', '', '2022-05-30 08:01:03', '2022-06-02 14:47:54', '3', NULL, '0', NULL, NULL, NULL, NULL, NULL, NULL, NULL, '0', '1e7be31cf3825c32256e3bb37cb3f12b81ec290fd441f2c3a97068ca4123693ee4edbc61e130431707309f1c1465a33bd2cd7fe4d75e248c8942890e292a5f7b', '2022-06-02 14:47:54', '2022-05-30 08:01:03', '1'),
(121, '20', '1', 'Proposal MKKS', '', '', '', '01/06/2022', '1000000', 'uploads/laporan/files/dacfd14f12d0bd48b9750ab998362641.pdf', '', '2022-05-30 08:02:51', '2022-06-03 11:08:31', '2', ' LPJ MKKS', '1000000', '0', '1000000', '0', 'uploads/laporan/files/b7a119f3876d65c6aae421f351365219.pdf', '', '2022-07-08 01:04:06', '2022-07-12 13:39:06', '2', '3e40664d8d0c73a692961fcccf34a579322c715ecc7a21a65e8d83e7e2adac71d868134e99c68ce809c2bf4e42e09e0928819388499dd7105bacbfcbeb2ca88e', '2022-07-12 13:39:06', '2022-05-30 08:02:51', '1'),
(122, '20', '1', 'Proposal Ujian Praktik Kelas IX', '', '', '', '01/05/2022', '800000', 'uploads/laporan/files/8aabe90cf9b2e473427129fe4342fa70.pdf', '', '2022-05-30 08:28:05', '2022-06-02 14:40:11', '2', ' LPJ Uprak', '800000', '0', '800000', '0', 'uploads/laporan/files/ad9b28aa636ba54ce4d8703bc5198bc2.pdf', '', '2022-07-08 01:16:46', '2022-07-12 13:34:45', '2', '06eb73afe0228d46f22cb1fa20769c7a5d4df1cbdfec137bebaa517a0fc57c17bdbeac5b7a71082b70ff67e86b0581d7607963cf3d7eee26431034594441bf79', '2022-07-12 13:34:45', '2022-05-30 08:28:05', '1'),
(123, '11', '3', 'Kafalah Takmir Masjid Ar Rahmah bulan April & Mei', '', '', NULL, '01/06/2022', '1300000', 'uploads/laporan/files/2970c7ddd33ad7c70c1f1e2b4b6918d3.pdf', 'uploads/laporan/files/a974194316e31a8ec245c04e77377ab0.pdf', '2022-05-31 20:20:47', '2022-06-03 12:27:54', '2', NULL, '1300000', NULL, NULL, NULL, NULL, NULL, NULL, NULL, '0', 'eb4463cff1f35e158c27a002b7eb860ee31ac568081361ea525111626e2fd86581469bb9408866f4f91829c7b6e81f06f65d0ffb004e1f90c196a1a915443743', '2022-06-03 12:27:54', '2022-05-31 20:20:47', '1'),
(124, '11', '3', 'kafalah pengajar MQ Mei', '', '', '', '01/05/2022', '1150000', 'uploads/laporan/files/d0fab4e70b37f5aa2b548895af7abeec.pdf', 'uploads/laporan/files/f4a6cdcb9a918b6c0b0777578b0641c5.pdf', '2022-05-31 20:26:41', '2022-06-03 12:29:47', '2', ' LPJ Kafalah Pengurus MQ bulan Mei', '1150000', '0', '1150000', '0', 'uploads/laporan/files/cc33e18086b1f20a5a1074586e42acd6.pdf', '', '2022-06-03 13:41:50', '2022-06-27 14:56:01', '2', '751451b252f6803683be0452d59e24ff87f74b94d5f160c319a8b3f308f7705188ecd05a6262f13cc9340af0f75ac7b53f4661631a324e2ae4760b82481d8b45', '2022-06-27 14:56:01', '2022-05-31 20:26:41', '1'),
(125, '18', '1', 'Tagihan Peralatan ke 1', '', 'dipecah sesuai tagihan supplier', NULL, '01/05/2022', '110996825', 'uploads/laporan/files/02af31f44744913dd0910949c721d116.pdf', '', '2022-05-31 20:47:26', '2022-06-08 03:32:00', '3', NULL, '0', NULL, NULL, NULL, NULL, NULL, NULL, NULL, '0', 'eb08d076ee4ba9588e460b1d310102b1d2d81b27173dc8da1b209ac7df2644f4e3e21ef9b73c0404832f5c6e098dc7758b8ab1fe809e87d11f3ef95fde0bbbb6', '2022-06-08 03:32:00', '2022-05-31 20:47:26', '1'),
(126, '18', '1', 'Proposal Rak Seragam', '', NULL, NULL, '01/05/2022', '3310000', 'uploads/laporan/files/7675c7c387933231fcb6542e91660e65.pdf', NULL, '2022-05-31 21:19:23', NULL, '0', NULL, NULL, NULL, NULL, NULL, NULL, NULL, NULL, NULL, '0', '674fbdb4215d731b5b304446368a9f689a0cf03c5f4f30fa2e0b1daac4c731ca48ec7ac81f7dfc571f4ad7fa74413c6177de410f56537bc618b0914d2d0d06b8', NULL, '2022-05-31 21:19:23', '1'),
(127, '21', '1', 'Proposal Alquran wisuda Alquran', '', 'DOBEL', NULL, '01/06/2022', '6150000', 'uploads/laporan/files/51bbbfcb55111327dc50ad97cd0679d8.pdf', '', '2022-06-02 11:56:40', '2022-06-06 13:52:26', '3', NULL, '0', NULL, NULL, NULL, NULL, NULL, NULL, NULL, '0', 'ade45f96e4732b8ea58d5f032ab05ee5ca10331a7eb881a919790515fa2ddae925e7f154f2c17e4bac27aee2f2537b28d6266f2a11ab9257309906620b8cd0c4', '2022-06-06 13:52:26', '2022-06-02 11:56:40', '1'),
(128, '21', '1', 'Proposal wisuda Alquran', '', '', NULL, '01/06/2022', '6150000', 'uploads/laporan/files/8d8baa42e6f1ee8c95696d5f3f70a2ea.pdf', 'uploads/laporan/files/7c9feb795bf7c4f60db6a436d1ec6fcb.pdf', '2022-06-02 12:00:14', '2022-06-06 13:39:55', '2', NULL, '6051200', NULL, NULL, NULL, NULL, NULL, NULL, NULL, '0', '7a8d622ad54205a41d2a799211d1aafcd49eae1c960def5ec164e31c72748ab599421549f78f5d3c4e02ff1e202e0ce23317933eb8de1a2dc12b08decd8062ac', '2022-06-06 13:39:55', '2022-06-02 12:00:14', '1'),
(129, '16', '3', 'PROPOSAL JUMAT BERKAH JUNI', '', '', NULL, '01/06/2022', '1000000', 'uploads/laporan/files/ac8d3a1b8d53ca8a7ef9835da9bc8a98.pdf', 'uploads/laporan/files/fe2cf7a2ce9af56cce54b1a1ef6c4b38.pdf', '2022-06-03 13:56:54', '2022-06-08 03:48:26', '2', NULL, '1000000', NULL, NULL, NULL, NULL, NULL, NULL, NULL, '0', '18ba57429309d70af7aecce3566986fe3b84135c62f72eb69a81b2370f738a91cf30fbdd1adb39974d84747ebebbd0af5c2581a4ce8e28d74bb52cb1159e55ae', '2022-06-08 03:48:26', '2022-06-03 13:56:54', '1'),
(130, '18', '1', 'Tagihan UD NAZ JAYA', '', '', NULL, '01/06/2022', '33954825', 'uploads/laporan/files/bf566ecdbe4f29def863b8439259d634.pdf', 'uploads/laporan/files/1391b72569add161a258bc4b854c1525.pdf', '2022-06-08 10:27:22', '2022-06-08 03:47:04', '2', NULL, '33954825', NULL, NULL, NULL, NULL, NULL, NULL, NULL, '0', '43b36a75ad0f4fe35429b19f619a1778b3d06f6605216d23dcb59720c12d5f371de4e5031f6fd6596b34526dbae284c2dffe64340571f868bb046664cfa387ea', '2022-06-08 03:47:04', '2022-06-08 10:27:22', '1'),
(131, '18', '1', 'Tagihan Mentari 1', '', '', NULL, '01/06/2022', '19972000', 'uploads/laporan/files/865622a01100ec6bb205afbdc7ef2aac.pdf', 'uploads/laporan/files/a93c038a6e24b1b547c767d4c2ed7dac.pdf', '2022-06-08 10:29:24', '2022-06-08 03:43:28', '2', NULL, '19972000', NULL, NULL, NULL, NULL, NULL, NULL, NULL, '0', '880fa6ba5627e25aa843fe2d28dc16e0d8a384c9ca993b7a40d2c63cb96f93f8aa5cbdc93d429f150c65c36e2f1d3c541d76d4f52b6e5dc325661f526b7bde23', '2022-06-08 03:43:28', '2022-06-08 10:29:24', '1'),
(132, '18', '1', 'Tagihan Mentari 2', '', '', NULL, '01/06/2022', '45824000', 'uploads/laporan/files/63eef379d45ead701309aa60de5b1333.pdf', 'uploads/laporan/files/9f74e0dee5ebd0801c538353d6cd182b.pdf', '2022-06-08 10:31:02', '2022-06-08 03:44:48', '2', NULL, '45824000', NULL, NULL, NULL, NULL, NULL, NULL, NULL, '0', '55c98c7be6e7503c594029a4fef9860b12e1ad65acdd23b575ae09ae43748ca596a4f6d39961993694cbee5c12dd36b8db1eef885720340cb995e577d12052fd', '2022-06-08 03:44:48', '2022-06-08 10:31:02', '1'),
(133, '16', '1', 'PROPOSAL JUMAT BERKAH JUNI 2022', '', 'Dobel', NULL, '01/06/2022', '1000000', 'uploads/laporan/files/cac632c77f2fa6101001386c8e44a80e.pdf', '', '2022-06-09 11:32:52', '2022-06-09 12:40:44', '3', NULL, '0', NULL, NULL, NULL, NULL, NULL, NULL, NULL, '0', '95b6ef44baea07b18a04be48e863a52b9b062d4a38b8754bece8f9d762e4ba95cadf41ae2e8a5e915075e1b2abb7451b6f575507c8039da5b073910ec036160d', '2022-06-09 12:40:44', '2022-06-09 11:32:52', '1'),
(134, '16', '1', 'BUKTI TF JUMAT BERKAH 10 JUNI', '', '', NULL, '01/06/2022', '357000', 'uploads/laporan/files/2719b4a57d2ee5bc8241e0df0f39a69e.pdf', 'uploads/laporan/files/b26dfa67fd99269bb3a3923996c8584e.pdf', '2022-06-10 11:47:33', '2022-06-21 14:26:49', '2', NULL, '757000', NULL, NULL, NULL, NULL, NULL, NULL, NULL, '0', '6c5d749ced8760005530de6e74abacfc297a5ff9c389c6b7c4521e52029ed813d262a1ebd9aad79ea7719235c2b6b3b53accfa0947c0a80658cf0d3d62142305', '2022-06-21 14:26:49', '2022-06-10 11:47:33', '1'),
(135, '18', '1', 'PROPOSAL ATK', '', '', NULL, '01/06/2022', '18240000', 'uploads/laporan/files/53d8e24b38a5b564b006e3591cb1677e.pdf', 'uploads/laporan/files/2274324f6a215866f2d9c1e1b3d981d7.pdf', '2022-06-13 19:39:59', '2022-06-15 14:38:52', '2', NULL, '18240000', NULL, NULL, NULL, NULL, NULL, NULL, NULL, '0', 'c8d44bdda285466965dbc6f1bb3796c2d67cc7e046de12e6f8ec2536eafee75ce4e5e4feb9df9a02412e659eaa616b1cdf480408d626a9f91a7fe8837b5edc8a', '2022-06-15 14:38:52', '2022-06-13 19:39:59', '1'),
(136, '18', '1', 'pengajuan pelunasan seragam ', '', '', NULL, '01/06/2022', '110704500', 'uploads/laporan/files/0ac145f3e9574bca7a5b2e939be21973.pdf', 'uploads/laporan/files/fe959fcfb66e09d0b583395097f99de3.pdf', '2022-06-19 12:08:39', '2022-06-21 14:24:36', '2', NULL, '110704500', NULL, NULL, NULL, NULL, NULL, NULL, NULL, '0', '453bb1fff8fd1603055970bb84f8797267300a175940a8dfe27e9a14b1b595e65015cf9c85b8b9ebeb6cf0ab33908b4638302521dd34bb3e04d0e8717dfb222d', '2022-06-21 14:24:36', '2022-06-19 12:08:39', '1'),
(137, '13', '1', 'PROPOSAL PLAYGROUND', '', '', NULL, '01/06/2022', '23400000', 'uploads/laporan/files/a99f3a6c3b2d98d4a82fae53d2f12204.pdf', 'uploads/laporan/files/8937307a95b3a5802c95ac02890292b1.pdf', '2022-06-23 11:07:53', '2022-06-26 08:43:20', '2', NULL, '23400000', NULL, NULL, NULL, NULL, NULL, NULL, NULL, '0', '292e53fa5fed6c2776cc4bb8e61f636cfcd5fa7f612a494e906555647205cd2bb762a1cf740a6b91ce41d5e62f1035e4dc82bd90420a85d221a24c838b3e788f', '2022-06-26 08:43:20', '2022-06-23 11:07:53', '1'),
(138, '13', '1', 'PROPOSAL PERBAIKAN TEMPAT WUDHU SMP', '', '', NULL, '01/06/2022', '4500000', 'uploads/laporan/files/e5524d85d0d83902920998f393d45b55.pdf', 'uploads/laporan/files/a2efe9285486d3ca0ec6d29281ef7e76.pdf', '2022-06-23 11:10:41', '2022-06-26 08:44:41', '2', NULL, '4500000', NULL, NULL, NULL, NULL, NULL, NULL, NULL, '0', '365da353007fdfa8add2808d047a6ee21772324479198853aaeca1d8c62c58961cd52865cf8de4f39244fc6c895d1c3dac2eccf8d1e6b2825110821e997ebc7c', '2022-06-26 08:44:41', '2022-06-23 11:10:41', '1'),
(139, '10', '3', 'Kegiatan Bidang Pendidikan Juni', '<figure class=\"table\"><table><tbody><tr><td><strong>Kegiatan</strong></td><td colspan=\"2\"><strong>Peruntukan</strong></td><td><strong>Biaya</strong></td><td><strong>Qty</strong></td><td><strong>Jumlah</strong></td></tr><tr><td>1. Pembinaan Guru</td><td>Fee Pembicara</td><td>Perbulan</td><td>750.000</td><td>2</td><td>1.500.000</td></tr><tr><td>2. Rapat Kerja</td><td>Konsumsi 53 guru</td><td>6 hari</td><td>12.000 x 6</td><td>53</td><td>3.816.000</td></tr><tr><td> </td><td>2x Coffe break</td><td> </td><td>8.000 x 6</td><td>53</td><td>848.000</td></tr><tr><td> </td><td>Fee pembicara 1</td><td>2 hari</td><td>2.000.000</td><td>1</td><td>2.000.000</td></tr><tr><td> </td><td>Fee pembicara 2</td><td>1 hari</td><td>850.000</td><td>1</td><td>850.000</td></tr><tr><td> </td><td>Bingkisan </td><td> </td><td>100.000</td><td>2</td><td>200.000</td></tr><tr><td>3. Pelatihan Rutaba di Malang</td><td>Day care + Rumah tahfid</td><td>1 hari</td><td> </td><td> </td><td> </td></tr><tr><td> </td><td>Administrasi</td><td> </td><td>100.000</td><td>6</td><td>600.000</td></tr><tr><td> </td><td>Transportasi + Sopir</td><td> </td><td>500.000</td><td>1</td><td>500.000</td></tr><tr><td> </td><td>Konsumsi & saku</td><td> </td><td>100.000</td><td>6</td><td>600.000</td></tr><tr><td>4. Seleksi & rekrutmen</td><td>Psikotes, wawancara, uji kompetensi</td><td> </td><td>500.000</td><td>1</td><td>500.000</td></tr><tr><td>5. Iklan internet</td><td>Google</td><td>Perbulan</td><td>600.000</td><td>1</td><td>600.000</td></tr><tr><td>6. Promosi PPDB</td><td colspan=\"3\">Bergantung siswa dan sekolah mitra</td><td> </td><td> </td></tr><tr><td colspan=\"2\"> </td><td> </td><td>JUMLAH</td><td> </td><td>12.014.000</td></tr><tr><td colspan=\"2\"> </td><td> </td><td>SISA Mei</td><td> </td><td>1.451.000</td></tr><tr><td colspan=\"2\"> </td><td> </td><td>kekurangan</td><td> </td><td>10.563.000</td></tr></tbody></table></figure>', 'DOUBLE', NULL, '01/06/2022', '12014000', 'uploads/laporan/files/ff22b07e74bd84d389bae59053e2d2d6.pdf', '', '2022-06-23 18:33:30', '2022-06-30 16:13:07', '3', NULL, '0', NULL, NULL, NULL, NULL, NULL, NULL, NULL, '0', '759157e26f84231ffd0de0488dbad475c1e3d1a06b117163b3ccaca0b5da6ae6e7211dd35eae3fa5288f5b7180ed33de7f7778ff164f5478df0c8fb38e920934', '2022-06-30 16:13:07', '2022-06-23 18:33:30', '1'),
(140, '10', '3', 'KEGIATAN BIDANG PENDIDIKAN JUNI 2022', '<figure class=\"table\"><table><tbody><tr><td><strong>Kegiatan</strong></td><td colspan=\"2\"><strong>Peruntukan</strong></td><td><strong>Biaya</strong></td><td><strong>Qty</strong></td><td><strong>Jumlah</strong></td></tr><tr><td>1. Pembinaan Guru</td><td>Fee Pembicara</td><td>Perbulan</td><td>750.000</td><td>2</td><td>1.500.000</td></tr><tr><td>2. Rapat Kerja</td><td>Konsumsi 53 guru</td><td>6 hari</td><td>12.000 x 6</td><td>53</td><td>3.816.000</td></tr><tr><td> </td><td>2x Coffe break</td><td> </td><td>8.000 x 6</td><td>53</td><td>848.000</td></tr><tr><td> </td><td>Fee pembicara 1</td><td>2 hari</td><td>3.000.000</td><td>1</td><td>3.000.000</td></tr><tr><td> </td><td>Fee pembicara 2</td><td>1 hari</td><td>850.000</td><td>1</td><td>850.000</td></tr><tr><td> </td><td>Bingkisan </td><td> </td><td>100.000</td><td>2</td><td>200.000</td></tr><tr><td>3. Pelatihan Rutaba di Malang</td><td>Day care + Rumah tahfid</td><td>1 hari</td><td> </td><td> </td><td> </td></tr><tr><td> </td><td>Administrasi</td><td> </td><td>100.000</td><td>6</td><td>600.000</td></tr><tr><td> </td><td>Transportasi + Sopir</td><td> </td><td>500.000</td><td>1</td><td>500.000</td></tr><tr><td> </td><td>Konsumsi & saku</td><td> </td><td>100.000</td><td>6</td><td>600.000</td></tr><tr><td>4. Seleksi & rekrutmen</td><td>Psikotes, wawancara, uji kompetensi</td><td> </td><td>500.000</td><td>1</td><td>500.000</td></tr><tr><td>5. Iklan internet</td><td>Google</td><td>Perbulan</td><td>600.000</td><td>1</td><td>600.000</td></tr><tr><td>6. Promosi PPDB</td><td colspan=\"3\">Bergantung siswa dan sekolah mitra</td><td> </td><td> </td></tr><tr><td colspan=\"2\"> </td><td> </td><td>JUMLAH</td><td> </td><td>13.014.000</td></tr><tr><td colspan=\"2\"> </td><td> </td><td>SISA Mei</td><td> </td><td>1.451.000</td></tr><tr><td colspan=\"2\"> </td><td> </td><td>kekurangan</td><td> </td><td>11.563.000</td></tr></tbody></table></figure>', '', NULL, '01/06/2022', '13014000', 'uploads/laporan/files/5b543e1f71e9448727986f6223658032.pdf', 'uploads/laporan/files/4622135f0740264b9dd5e41561dbb055.pdf', '2022-06-23 18:34:53', '2022-07-01 14:41:39', '2', NULL, '13014000', NULL, NULL, NULL, NULL, NULL, NULL, NULL, '0', '4856b9234e66688468208aa91beefcc3dabbae4c78373199d08a5ea2c4aa8f2c2e1a431c1b88cf4faa2b3e846ad18494b25afc0ad43cb5cf17f672eb57aa36f6', '2022-07-01 14:41:39', '2022-06-23 18:34:53', '1'),
(141, '16', '1', 'BUKTI TF JUMAT BERKAH 16 JUNI', '', '', NULL, '01/06/2022', '200000', 'uploads/laporan/files/58c95e579917157e0c1d02994ba5fb03.pdf', 'uploads/laporan/files/95d8ec8fff6902391832444cc01fd6cc.pdf', '2022-06-27 15:34:28', '2022-07-01 14:47:20', '2', NULL, '200000', NULL, NULL, NULL, NULL, NULL, NULL, NULL, '0', '7fb739b2e60ce4f4a5ca94f9f2529cd57ed000c17e284f604ca4e76e967747fbacd3b5e37cc90fd183022cc4b85b32aefe27e2043ea42363fc3b958c3eec4d8c', '2022-07-01 14:47:20', '2022-06-27 15:34:28', '1'),
(142, '11', '1', 'Kafalah Takmir Masjid Ar Rahmah bulan Juni', '', '', NULL, '01/06/2022', '650000', 'uploads/laporan/files/bc5cc14934c230ef749bc10324de0724.pdf', 'uploads/laporan/files/84109d069066843e251a5508b337705e.pdf', '2022-06-28 14:16:00', '2022-07-01 14:45:25', '2', NULL, '650000', NULL, NULL, NULL, NULL, NULL, NULL, NULL, '0', '58643e57292bd217bf9ee2651de63d0908acfc135057e8ea5f0078f74befaa9d934911db83c6f9ccd69d7cd0414ae17b97fbd09ac3785e5adcae6133b21019e9', '2022-07-01 14:45:25', '2022-06-28 14:16:00', '1'),
(143, '11', '1', 'KAFALAH PENGAJAR MQ JUNI', '<p>KAFALAH PENGAJAR MQ JUNI</p>', '', NULL, '01/06/2022', '1950000', 'uploads/laporan/files/56793fa111c851865fc77768c39f3b0a.pdf', 'uploads/laporan/files/0849012c325404059cae8fb957dee1b2.pdf', '2022-06-28 14:18:26', '2022-07-01 14:43:19', '2', NULL, '1950000', NULL, NULL, NULL, NULL, NULL, NULL, NULL, '0', 'fdf6cfbb60f8dbf98ce768cbcc3365c8a6bfaa0adfc645f09c2df960f49a5a4c1d17c82b237b68037d14ca684db982d75372e880128223a890905e239adbe8dc', '2022-07-01 14:43:19', '2022-06-28 14:18:26', '1'),
(144, '13', '1', 'PROPOSAL BID.SARPRAS JULI', '', '', NULL, '01/07/2022', '59940000', 'uploads/laporan/files/9c3b9d0e9364ac0d9a8a70257b783a59.pdf', 'uploads/laporan/files/7b7a2fba5754ec7d35a8748986f38edb.pdf', '2022-07-05 19:28:02', '2022-07-06 12:48:21', '2', NULL, '59400000', NULL, NULL, NULL, NULL, NULL, NULL, NULL, '0', '9e68c0bbe68e6eb04c70ed94c26b1d1a0b4e56c475315025b33a4639d6ba6117c5f57fbcf45981b843c102160d6149cb2daddec8bbca405084346bdb61f815c4', '2022-07-06 12:48:21', '2022-07-05 19:28:02', '1'),
(145, '16', '1', 'total pencairan dana idul adha 2022', '', '', NULL, '01/07/2022', '25200000', 'uploads/laporan/files/8663d678c5baa8c643817ddd7e88ffca.pdf', 'uploads/laporan/files/75eb0613a8e4aa57fd2a55285f725322.pdf', '2022-07-06 10:15:57', '2022-07-06 12:46:19', '2', NULL, '25200000', NULL, NULL, NULL, NULL, NULL, NULL, NULL, '0', '20bf7387b169bbeedd2bad637ffd9fd786cfc535f39282d48f72f843caca9f762947ccc36aa536b68a6edb39e471cc013897d78ba86ee5d9c52b67e740ba67fd', '2022-07-06 12:46:19', '2022-07-06 10:15:57', '1'),
(146, '16', '1', 'PROPOSAL JUMAT BERKAH JULI 2022', '', 'Mohon menyerahkan LPJ Mei dan Juni terimakasih', NULL, '01/07/2022', '1250000', 'uploads/laporan/files/9209fa80dcbed1bd22e5f6cd5bb002ab.pdf', '', '2022-07-06 10:26:30', '2022-07-12 13:26:14', '3', NULL, '0', NULL, NULL, NULL, NULL, NULL, NULL, NULL, '0', '8a500cfc432e6bccb5abc4ff8128df4399d494be7a64f10bd02f6f3a88a6c3dadefa3bf40adb1269186692fac297d4d8585f709036ad2d49f1cadf8ccd1c370b', '2022-07-12 13:26:14', '2022-07-06 10:26:30', '1'),
(147, '20', '3', 'Proposal MPLS dan Parenting', '', NULL, NULL, '01/07/2022', '3720000', 'uploads/laporan/files/a062065fbb31dc9bbb27af38f71e5d80.pdf', NULL, '2022-07-08 08:28:22', NULL, '0', NULL, NULL, NULL, NULL, NULL, NULL, NULL, NULL, NULL, '0', '5602cfd312cb5b659876129222f45bd4e9b4639b938bac97ea614ec1663639f997879f9fa3515e95bb6bc4ca3c803e14a9c9bec0c5439d5b27b6e619625cb67d', NULL, '2022-07-08 08:28:22', '1'),
(148, '14', '3', 'PROPOSAL ANGGARAN BULAN JULI 2022', '', NULL, NULL, '01/07/2022', '54390000', 'uploads/laporan/files/68a4a4a4fbcb19c96281c615a1b933e2.pdf', NULL, '2022-07-15 12:20:23', NULL, '0', NULL, NULL, NULL, NULL, NULL, NULL, NULL, NULL, NULL, '0', '23c80bfb36158cda6c4b9da3e97a6b70a56eab0c70a8cfa3f2fd140bbbd14b12f97a5cdc9035098f5035193051bfb7141dbaae3c9786634d26201bc0f43c1cb9', NULL, '2022-07-15 12:20:23', '1');

-- --------------------------------------------------------

--
-- Table structure for table `bukti`
--

CREATE TABLE `bukti` (
  `id_bukti` int(11) NOT NULL,
  `bukti_anggaran` text NOT NULL,
  `bukti_anggaran_thumb` text NOT NULL,
  `token` text NOT NULL,
  `date` datetime NOT NULL DEFAULT current_timestamp()
) ENGINE=InnoDB DEFAULT CHARSET=latin1;

--
-- Dumping data for table `bukti`
--

INSERT INTO `bukti` (`id_bukti`, `bukti_anggaran`, `bukti_anggaran_thumb`, `token`, `date`) VALUES
(1, 'uploads/recipe/images/63251f10a1e8b4d8c077d640ed871d50.png', 'uploads/recipe/images/thumbs/63251f10a1e8b4d8c077d640ed871d50.png', '732c434c0047a03dcb55109e91923b0f4fe30f25e1ea2e957d85c128fda367b9a5607f3cbee5842bb1417a5b5fb00c33f667936745dd840b0fc7f3a2956225d6', '2021-11-10 10:24:48'),
(2, 'uploads/recipe/images/d753edb001604a5e03c30fd16419938e.png', 'uploads/recipe/images/thumbs/d753edb001604a5e03c30fd16419938e.png', 'c0816118a1108591c4343229883b3e5ce8c571d0c8456eb02322866e5a324f81d4042405995f3fc189b10b7881a6af0cf89111d3f7f79ed25531a80226bb06d4', '2021-11-10 10:31:15'),
(3, 'uploads/recipe/images/06e6d0661a3bbea91668f0afb97c9f7b.png', 'uploads/recipe/images/thumbs/06e6d0661a3bbea91668f0afb97c9f7b.png', '578fc9d637c0bc5012411c2eec16f95dddd08973ba7b6ffa02cbd9f96e8c184fc9d9b3fd9a97d9ec76e986476b85f236620ead1953ee3426d93b637ea2419ed6', '2021-11-10 10:33:44'),
(4, 'uploads/recipe/images/0424bafe5f3815cb7e159d1856c04626.png', 'uploads/recipe/images/thumbs/0424bafe5f3815cb7e159d1856c04626.png', '578fc9d637c0bc5012411c2eec16f95dddd08973ba7b6ffa02cbd9f96e8c184fc9d9b3fd9a97d9ec76e986476b85f236620ead1953ee3426d93b637ea2419ed6', '2021-11-10 10:33:45'),
(5, 'uploads/recipe/images/b557ac1f62ddf6e3084b24d0adab8d40.png', 'uploads/recipe/images/thumbs/b557ac1f62ddf6e3084b24d0adab8d40.png', '578fc9d637c0bc5012411c2eec16f95dddd08973ba7b6ffa02cbd9f96e8c184fc9d9b3fd9a97d9ec76e986476b85f236620ead1953ee3426d93b637ea2419ed6', '2021-11-10 10:33:45'),
(6, 'uploads/recipe/images/6c086709c852c451d8dc2ebb605b155c.png', 'uploads/recipe/images/thumbs/6c086709c852c451d8dc2ebb605b155c.png', '578fc9d637c0bc5012411c2eec16f95dddd08973ba7b6ffa02cbd9f96e8c184fc9d9b3fd9a97d9ec76e986476b85f236620ead1953ee3426d93b637ea2419ed6', '2021-11-10 10:33:45'),
(7, 'uploads/recipe/images/d20d589098b4a964b07809f391998b72.png', 'uploads/recipe/images/thumbs/d20d589098b4a964b07809f391998b72.png', '578fc9d637c0bc5012411c2eec16f95dddd08973ba7b6ffa02cbd9f96e8c184fc9d9b3fd9a97d9ec76e986476b85f236620ead1953ee3426d93b637ea2419ed6', '2021-11-10 10:33:45'),
(8, 'uploads/recipe/images/3e3b6a72163ac266bb4f9768fb45c716.png', 'uploads/recipe/images/thumbs/3e3b6a72163ac266bb4f9768fb45c716.png', 'eceda946049a81b868b4211093c18aa97fa15fa28e10861b2e89abd7ac1a22ee4b04829d6085e33f22486927c0559ef5d508a4139ce6323ce59839112b6b11d2', '2021-11-11 08:04:17'),
(9, 'uploads/recipe/images/17c4cff6c14eb97f337bcd5139b424cd.png', 'uploads/recipe/images/thumbs/17c4cff6c14eb97f337bcd5139b424cd.png', '4de3187efac4731023b34ebad909569da268eb6df2442dcbefc20e37848b602ed05597fae2296ae9cd44bcb552ea98be706d91097db6526ed618b8d0e29cbbde', '2021-11-11 08:04:51'),
(10, 'uploads/recipe/images/ea05c5aeafcbb318e45963b774923def.png', 'uploads/recipe/images/thumbs/ea05c5aeafcbb318e45963b774923def.png', 'd6a1d9415563d3379ccbadc83a938e8e3717476fd394ece731ae692685e5be893783836bb600a9880f6e0189e87a121738df2cfdbc84a591ec67b091dd95f19f', '2021-11-11 08:05:12'),
(11, 'uploads/recipe/images/b00d314475ca2655b1631d4bf3bbd5be.png', 'uploads/recipe/images/thumbs/b00d314475ca2655b1631d4bf3bbd5be.png', '3cdca7befaeb56be3debf73f99ef816b4d2a37bfa41f3501ca1d141a93964acb0c067d900bee60ce832d4ac31147a008449981b3c23b0280fc8b04bb16793345', '2021-11-16 17:26:11'),
(12, 'uploads/recipe/images/52f30dba3a5b9bd9c34cd9fc937d5a53.png', 'uploads/recipe/images/thumbs/52f30dba3a5b9bd9c34cd9fc937d5a53.png', '6932817aaef5a10815617742db9ebb39dab388d57c250cddf2b494b2c462db5e4f730cc7135cce169b0ab51aaa02c318ddd69189f4563eec890e1c75784306ec', '2021-11-22 11:42:45'),
(13, 'uploads/recipe/images/bd5b84cec2bfbdbab3eb9d6f376cc449.png', 'uploads/recipe/images/thumbs/bd5b84cec2bfbdbab3eb9d6f376cc449.png', '88ae40f505179d5fa22e87ae72a70d169590fa9cc9c028468c6be9d72794e59f0c0a08c7910a0d801af2632577415b90b263cf64db1eca4511a313db90abfbfa', '2021-11-22 11:43:35'),
(14, 'uploads/recipe/images/a75a4193d252524f817cf2d2884bc48a.png', 'uploads/recipe/images/thumbs/a75a4193d252524f817cf2d2884bc48a.png', '2a1a9826884f779c9a14305a726c9a7e1ad5edcc081ccc6efc0b4f60cf34e8a35c26d79dd44febb5d06929cba0caeaf682fbfb5874c61716e9684274f9e9d9df', '2021-11-24 21:19:31'),
(15, 'uploads/recipe/images/360739096dab5fd31538f5293a24b616.png', 'uploads/recipe/images/thumbs/360739096dab5fd31538f5293a24b616.png', 'bf83f6013a42e64d2e235fe2953658ce17c111d38cf8488a439408930c66365a0528d938b371023b96b6ff5a2a06fe8570bfdbcf30f61e852547ee64736857b6', '2021-11-25 15:36:06'),
(16, 'uploads/recipe/images/7b73b3c90e194eeeab7ec5b5aca269e3.png', 'uploads/recipe/images/thumbs/7b73b3c90e194eeeab7ec5b5aca269e3.png', 'd67321335552ee3fbd37c6f4064af775d92243db218a13af9ab75ded0a958d499b1e146a2d88c4793b021f34f077684e1f6774a4b2e8ad4ec4e9ba67feae5fd7', '2021-11-26 20:53:08'),
(17, 'uploads/recipe/images/6bdd21f8692a2ec32a2fb48654d739c0.png', 'uploads/recipe/images/thumbs/6bdd21f8692a2ec32a2fb48654d739c0.png', 'f70cb23186a3afe5780335e0ab8a05bea873e7075be0e26eafa3cf2fa691ccedb82590cb02fcb640baa9d0a108d4ae03afb5d3eaa353ef8f9161a2001165f1cf', '2021-11-26 20:53:36'),
(18, 'uploads/recipe/images/1808d9d3ae509e5607f8c4d233f98347.png', 'uploads/recipe/images/thumbs/1808d9d3ae509e5607f8c4d233f98347.png', 'c0816118a1108591c4343229883b3e5ce8c571d0c8456eb02322866e5a324f81d4042405995f3fc189b10b7881a6af0cf89111d3f7f79ed25531a80226bb06d4', '2021-11-30 18:35:38'),
(19, 'uploads/recipe/images/6311d9f97d151a3f105e5a2df4dc13fd.png', 'uploads/recipe/images/thumbs/6311d9f97d151a3f105e5a2df4dc13fd.png', '4e42f8824364ec65742404e3cd3bebf26a9102bed82c96b4cc2d39fbaa80a688a6945eeb964bebd10a091dccd49d5143963d9194c09c37f336a98433c1e9a777', '2021-11-30 20:23:52'),
(20, 'uploads/recipe/images/b9590784251c6c124177733654c5b27f.png', 'uploads/recipe/images/thumbs/b9590784251c6c124177733654c5b27f.png', '4f817cb116c1a9707de98c5cc69b46bda02599bdc2acf30edd48b1968ad7a1240f914a5e891070b8d124e7a613494b9b9278313ea720442b869b8c2b8ffb826f', '2021-12-01 20:59:29'),
(21, 'uploads/recipe/images/dd2663f89d76e7290548adb5c8fea51e.png', 'uploads/recipe/images/thumbs/dd2663f89d76e7290548adb5c8fea51e.png', '9f282bdc783ecc530932bf336c144f66fc0ade5685d181e7eb2df9c4605d90170f35b23283776fde1e495c975fd8d365c5144a611a568e44f7e097dad4f2b195', '2021-12-03 22:33:34'),
(22, 'uploads/recipe/images/b09565b822bfb3d69c716921ef729b39.png', 'uploads/recipe/images/thumbs/b09565b822bfb3d69c716921ef729b39.png', 'a3190257af61030e5117cf8c705c673a7e3ee16fbfdea86ed8391cb0678980760f841ae0aee474dc4e205d3376ba92e20b70fd9b46a57f3a80b6afa147aa0c11', '2021-12-06 21:19:02'),
(23, 'uploads/recipe/images/228083aafee0edfdecfb05583036a561.png', 'uploads/recipe/images/thumbs/228083aafee0edfdecfb05583036a561.png', '0db4f7ee49234526b208f39bb05f26752297d0fbeef3adb6c248f1917583feae5b621d064e4de2d22a55e6757589a8e42c503a10f07cd9dc37456555a677b696', '2021-12-06 21:22:12'),
(24, 'uploads/recipe/images/8d2b415ff84ac885a3e043187152c7e0.png', 'uploads/recipe/images/thumbs/8d2b415ff84ac885a3e043187152c7e0.png', '0db4f7ee49234526b208f39bb05f26752297d0fbeef3adb6c248f1917583feae5b621d064e4de2d22a55e6757589a8e42c503a10f07cd9dc37456555a677b696', '2021-12-06 21:22:12'),
(25, 'uploads/recipe/images/c249a0d2ccbf40096d8e76ce847da6e5.png', 'uploads/recipe/images/thumbs/c249a0d2ccbf40096d8e76ce847da6e5.png', '7943581b1e5f7d78df5a1523a4dabe57010d966f7ea6b0657299f2c992feda627c45a6afc2e2bfdf4248ea70f018603d24a50ee1430992a18b486cd2d298cea5', '2021-12-06 21:30:13'),
(26, 'uploads/recipe/images/e023bb8d0e07acdabaa03445adbdcdb9.png', 'uploads/recipe/images/thumbs/e023bb8d0e07acdabaa03445adbdcdb9.png', 'dc729fd3b3471ac7a041c1a4181172505844060f10ec6db8ac4a6837b93eb9d1a810794ab2d133e98871fbcdcc6a3472c510621a5eb1954bf5fb9da12e8450c0', '2021-12-06 21:31:00'),
(27, 'uploads/recipe/images/461c537c7f444968bb9cd795efa54f7e.png', 'uploads/recipe/images/thumbs/461c537c7f444968bb9cd795efa54f7e.png', '597d7ca1aafb675a8f8d64af525624875181e95f3ee06aeec3dc34746e4e84b69813a3a23f45b84627320f432096b12a8ed26bb8caa601557a885b4567658643', '2021-12-10 20:27:15'),
(28, 'uploads/recipe/images/60189b41422bbded3a4d4c5c79000ee5.png', 'uploads/recipe/images/thumbs/60189b41422bbded3a4d4c5c79000ee5.png', '4ea070ce9642d509a5c220529e0ad1410ba6f74c90f6bf7663237a64904e307fa0c831db5517e283dfc88387cb3033edf60d2f524a62f44cae99f6f174449756', '2021-12-10 20:29:15'),
(29, 'uploads/recipe/images/8ac7bb5af9b5d10ef3fc0b5b799a9458.png', 'uploads/recipe/images/thumbs/8ac7bb5af9b5d10ef3fc0b5b799a9458.png', '7e3ae941843dfaee9f3b65c506caff3e23ee23d60ec276ded2bd83ab348594fd68bb0df7154b6a245e922fd9d2826a54f5687241d614720b06454a9bba4205b5', '2021-12-10 20:30:38'),
(30, 'uploads/recipe/images/e683867b4899ec32ba3fe9910d104c71.png', 'uploads/recipe/images/thumbs/e683867b4899ec32ba3fe9910d104c71.png', '288e58100cd84fc1838cb3d29ac980367ab5bf7fd83a2575395ebcd22476e465f2427c7449bc0aa8766b2656b56502f971a72b4447e42c81853d174e57acbb9e', '2021-12-10 20:31:26'),
(31, 'uploads/recipe/images/d49b70514e1b9b6800311000a9836c68.png', 'uploads/recipe/images/thumbs/d49b70514e1b9b6800311000a9836c68.png', '6bb01343acbeef5cd75586a4209e356f29d47631cef611bdac6564e962d2dc75041363801c940c72cbfb41a58d3d8700732321c8bd22c5351c47a08f58a7aabe', '2021-12-10 20:42:03'),
(32, 'uploads/recipe/images/0c9401ba3e8e46cc047861fe8ac95ab4.png', 'uploads/recipe/images/thumbs/0c9401ba3e8e46cc047861fe8ac95ab4.png', '6bb01343acbeef5cd75586a4209e356f29d47631cef611bdac6564e962d2dc75041363801c940c72cbfb41a58d3d8700732321c8bd22c5351c47a08f58a7aabe', '2021-12-10 20:42:03'),
(33, 'uploads/recipe/images/77c1671962abcaecf0dd8346fab40de8.png', 'uploads/recipe/images/thumbs/77c1671962abcaecf0dd8346fab40de8.png', '76c7e77f2a017eae6d69e2bc4ea6ad6eef80244bb224f760f894a1e626676edfcd73bdde676aae48cc4225399718fba9ba7bef169b9873b926e5ab4f84dced1b', '2021-12-13 20:20:51'),
(34, 'uploads/recipe/images/f1639ea2d1562ebdeeb322ae8797a955.png', 'uploads/recipe/images/thumbs/f1639ea2d1562ebdeeb322ae8797a955.png', '61214ce2626514dc28ee67653e133a5d804c22fee1c06e94731232a96daf9e98170d1d17fc7f87981eda62ca6e118e4bdc1e15a1c220ea8da3b666749f33c786', '2021-12-14 19:10:31'),
(35, 'uploads/recipe/images/be81b083a4c3e98388029050872266fb.png', 'uploads/recipe/images/thumbs/be81b083a4c3e98388029050872266fb.png', '51887091a508e54ae2aa8ff70c485a61adf9c0c29f5c7ab0982f1f5c62bc0eba98c48e46b50e9f7f026c0fa45aefcc1d0869f4c4739b46738ca6be7fe1843dc3', '2021-12-14 19:13:40'),
(36, 'uploads/recipe/images/b3a082debf3930f62274bf2f60d88c1f.png', 'uploads/recipe/images/thumbs/b3a082debf3930f62274bf2f60d88c1f.png', 'c49530ed63702924c3252f6af9d263499eb1036558b6ba2b104adbed7621f64cedaea74e8d871e064d21ed58c086394e24cc74cc75923cbba211369a80e9ffda', '2021-12-19 13:57:33'),
(37, 'uploads/recipe/images/bae2461a62916677eb60582c14886844.png', 'uploads/recipe/images/thumbs/bae2461a62916677eb60582c14886844.png', '23faca6f5f02f5b5fa3390578c9ad94a20326de5f0e427819b3f3787bef59139c4fa3432463e2b8cb8b9e42236afb84fe7261bf3e8d6ca15e90113115ebc9ccc', '2022-01-04 08:53:26'),
(38, 'uploads/recipe/images/448953a4a2aff2006d17cde44ee4d1a8.png', 'uploads/recipe/images/thumbs/448953a4a2aff2006d17cde44ee4d1a8.png', 'c8b2bdd8fc300986ce6b96550a0f94ad15c28a60d0ec6941aa5be59af8909fecb44d112fa9a7c15f25140258fefcfb0724aa0280dae3b3244afe1df524747a6d', '2022-01-04 08:53:56'),
(39, 'uploads/recipe/images/fafaecf6d4013466200ed08a7babf84f.png', 'uploads/recipe/images/thumbs/fafaecf6d4013466200ed08a7babf84f.png', '7c6d9ee3224e5c40282164975ccf49315af72fabf78b6aca38cd2e71e7dac628e229578a761c2a364828765945e3d1e56d8e90ed85fc58c67674febae9f78fc6', '2022-01-16 19:13:13'),
(40, 'uploads/recipe/images/67bf7c3bc0cfb2d2b5ebb28c85a5922c.png', 'uploads/recipe/images/thumbs/67bf7c3bc0cfb2d2b5ebb28c85a5922c.png', 'e2a05bb32e679e8e337e8f9d3c68578881f6af8d15976e4900c73c1f82c55e88e3ce6ba45f13c448dc9ae7b61054d3452794ed6af306258e001d3c25459d60c2', '2022-01-16 19:13:39'),
(41, 'uploads/recipe/images/6505ca350747e2c840a4230a5c5f1ad5.png', 'uploads/recipe/images/thumbs/6505ca350747e2c840a4230a5c5f1ad5.png', 'e2a05bb32e679e8e337e8f9d3c68578881f6af8d15976e4900c73c1f82c55e88e3ce6ba45f13c448dc9ae7b61054d3452794ed6af306258e001d3c25459d60c2', '2022-01-25 12:57:29'),
(42, 'uploads/recipe/images/e7bc74b16a98afc3de6b6217c7977dab.png', 'uploads/recipe/images/thumbs/e7bc74b16a98afc3de6b6217c7977dab.png', '9e3d093f20f7fea52d29fabb677c2f91e92b021f4c702f6c9b12c4b062e94eb53ca5dd35b41892bb042db57be4c6d52afbe870b1579e3d0bb03c41864090bedd', '2022-01-27 20:38:32'),
(43, 'uploads/recipe/images/77dcf3b9a24b3137e1efe71e663445fe.png', 'uploads/recipe/images/thumbs/77dcf3b9a24b3137e1efe71e663445fe.png', 'a89e6d1c277b0b9d163c8d47fcf27c7ebedc7dad8968af3407b6259eca0b71ff6ef07a2a2c8ebad57fc81ef663e1b7c990befd86a2e2ecb2a9b53f7189eabf69', '2022-01-27 20:39:19'),
(44, 'uploads/recipe/images/098b72800dd1ace7fd7e303ac41d8e4f.png', 'uploads/recipe/images/thumbs/098b72800dd1ace7fd7e303ac41d8e4f.png', 'a89e6d1c277b0b9d163c8d47fcf27c7ebedc7dad8968af3407b6259eca0b71ff6ef07a2a2c8ebad57fc81ef663e1b7c990befd86a2e2ecb2a9b53f7189eabf69', '2022-01-27 20:39:20'),
(45, 'uploads/recipe/images/293d41160221bae87e31e8ce45b18cdb.png', 'uploads/recipe/images/thumbs/293d41160221bae87e31e8ce45b18cdb.png', 'f96e1b60d8893a08fce28a2c432f8c78f55b81d1e1d00978e3bcdb9a3bc41047e642d5cfaef497faa5629a8066ecb9d950bef1892624c1cec181d57ed37631b2', '2022-01-27 20:39:43'),
(46, 'uploads/recipe/images/956d5dce07b5f967853acea2d6dd4193.png', 'uploads/recipe/images/thumbs/956d5dce07b5f967853acea2d6dd4193.png', '9a6bceda768c9c3fe496645cfe903e5cde31ff7e5daabc86f2c051ea8c6e2117125940c8d289c6fcd117f5a95c6558b8d68f51a1425af96a5e9656771fdb7837', '2022-02-02 22:54:19'),
(47, 'uploads/recipe/images/c2badb82c53b0d7c91b6e3d138be0839.png', 'uploads/recipe/images/thumbs/c2badb82c53b0d7c91b6e3d138be0839.png', '9553696e538e28a9df0927d65dc6e4cfa073940c6769ab98d6dacf31e4c97b006559854c05495aa5292c551dbfdf1257e98829c202105db12781ac956d1a4fdd', '2022-02-06 06:52:19'),
(48, 'uploads/recipe/images/a26ba4b546b293db13b00b172a1e8273.png', 'uploads/recipe/images/thumbs/a26ba4b546b293db13b00b172a1e8273.png', '053f7cb5d0158c24deec12e447f46728c892fa357b9d50ff2f3b363e691ef6c7fd9616b1ce2e08b68694090ed7663a5858e484e0b96d84cfdbc58b89a97f9a3e', '2022-02-10 21:52:29'),
(49, 'uploads/recipe/images/6f01c4b16d97e0381c2ac21167bd7c42.png', 'uploads/recipe/images/thumbs/6f01c4b16d97e0381c2ac21167bd7c42.png', 'd0e7cf1c29d17dd8ed407f85aa05f966edb9f9aadb1a87943d653e4dd442db64b739a72a9b09f6c0f2ca3e7c117c009f9794df4064640d220bb13c726a7910d8', '2022-02-11 22:28:39'),
(50, 'uploads/recipe/images/524c4c57a98df1a794fbc4e2fcda25bf.png', 'uploads/recipe/images/thumbs/524c4c57a98df1a794fbc4e2fcda25bf.png', '20a1803940bdfb088da1e5f576f13a081f75c28eb299ec787efb13e6ac05f5d8b154e04eb36dc4d634a7f3bd62175f298a0e010e8a2001a6e8d38ff5c8d8207c', '2022-02-13 07:54:41'),
(51, 'uploads/recipe/images/606a9e5cf8287381fc18b8e2b9a3e50f.png', 'uploads/recipe/images/thumbs/606a9e5cf8287381fc18b8e2b9a3e50f.png', '35f6ead2c15dcf9b6fe341cfa543314e1a3bd83acfbee9ddbd42460d13b4dd226633cbf0053379b4c62bd58b648c34b5e4d026077297e5589d2e70a130913bad', '2022-03-06 21:04:54'),
(52, 'uploads/recipe/images/8d566997ab86d404f3e03832cecc479c.png', 'uploads/recipe/images/thumbs/8d566997ab86d404f3e03832cecc479c.png', 'cf17a9a166002747a9a6b91ce3ba505ea4345b478a756bc09ed2f97a1c2a60d2f80af97b02df32186ac11c0f603f4c23ccc30936434f88889195d8cbf900dba8', '2022-03-09 21:33:42'),
(53, 'uploads/recipe/images/a8c7dea5fa63fb8b023f6dc5c2c19d6e.png', 'uploads/recipe/images/thumbs/a8c7dea5fa63fb8b023f6dc5c2c19d6e.png', 'cf17a9a166002747a9a6b91ce3ba505ea4345b478a756bc09ed2f97a1c2a60d2f80af97b02df32186ac11c0f603f4c23ccc30936434f88889195d8cbf900dba8', '2022-03-09 21:33:42'),
(54, 'uploads/recipe/images/208f5891a34911fa175e8430ae0710d5.png', 'uploads/recipe/images/thumbs/208f5891a34911fa175e8430ae0710d5.png', 'fd419bd38b28d5624449b0c278f1ca6f11cffc8d8517c4ce239ed6423189c6b71474156ad7b3af612dcf4a119dac394b18fef0b646ea50a7a7179a0bf3f5e90c', '2022-03-13 20:28:36'),
(55, 'uploads/recipe/images/ff0a721424054b273c3fca5bb8670735.png', 'uploads/recipe/images/thumbs/ff0a721424054b273c3fca5bb8670735.png', '2b0623b24e0a7454aac9b54612de65335e4c58b7c39eb1b1cac52f32b6187356e07a1f8fab37acdeb8e9de5caaa307b3233ae2c39783b657c22dbe227ce7c5af', '2022-04-04 22:17:08'),
(56, 'uploads/recipe/images/b4e1d3c2fb416805e49704fe2859ca82.png', 'uploads/recipe/images/thumbs/b4e1d3c2fb416805e49704fe2859ca82.png', '4e18429662b13791764a7e9155c3e6a1f68b1d06d755608f481d4849c84b72973cabd45e38a88156aa47dacee9ed33b3c683dd3663e91454426fb2273103809d', '2022-04-05 12:55:05'),
(57, 'uploads/recipe/images/330007b6d2df442e03aadafd916defb6.png', 'uploads/recipe/images/thumbs/330007b6d2df442e03aadafd916defb6.png', '3cee6c0e36449835c2f9fc3da07bd1308f1c8e03f20d94fa53645762c8ec1181f2da534fbc69aff422f39a98f427afd02b5c091971d0f989e74f05b18a34207d', '2022-04-12 19:51:09'),
(58, 'uploads/recipe/images/f24a58cf21f4658269da7e1eb5687cd5.png', 'uploads/recipe/images/thumbs/f24a58cf21f4658269da7e1eb5687cd5.png', '075b19b23a271084ee6749de37ee4b4691461005ebad5fe8ba769b97d0329f7b2fba96ad3069663154fb5b117bdf4d6a76eb2cfd3e7c0a445ccc2d76fe3e6d89', '2022-04-12 20:15:23'),
(59, 'uploads/recipe/images/019b471d8a636b9ca7d41a6a2a2aa753.png', 'uploads/recipe/images/thumbs/019b471d8a636b9ca7d41a6a2a2aa753.png', '552f2d4b77ad35d2460a78d0bbc98c7b72dcfaa79e8baee480bf90baad06528b269fc688d42e8b1de6cf52f1047559b22a0b017ee831a8533d4917e1d53c5c80', '2022-04-18 20:13:32'),
(60, 'uploads/recipe/images/153873910d650bc3708e85668cf0f577.png', 'uploads/recipe/images/thumbs/153873910d650bc3708e85668cf0f577.png', 'b843a76fd144b3b92a8513ed9698957c8622e6ea8a66dd6f89e08525825e4bf2019a2b4a55aad154617c299f20df58720f960dd1463997c6aa2a04b7ed75157f', '2022-04-18 20:34:53'),
(61, 'uploads/recipe/images/089d69d7626044d449166746443dee3a.png', 'uploads/recipe/images/thumbs/089d69d7626044d449166746443dee3a.png', '22497e93666aeebe50578390c530ad160236cc0fb97944bede15c67c9c78629a20b2049dfb379d67e4f53b78236a9986c77316f64e64966b8705608cd71b4b1b', '2022-04-18 20:36:05'),
(62, 'uploads/recipe/images/0a414c7154c6d0f33377011b8e45457b.png', 'uploads/recipe/images/thumbs/0a414c7154c6d0f33377011b8e45457b.png', '13bbdeb01c5c37af969897e5f3f3a0af6ac5ca398c877c666d78a9174ce48f681cfd16b07b56092601a36a2406c5679d507666a63d1d23bd18ed61dc919166ea', '2022-04-18 20:36:33'),
(63, 'uploads/recipe/images/7af7c0e70dd4a725a0747f473e846284.png', 'uploads/recipe/images/thumbs/7af7c0e70dd4a725a0747f473e846284.png', 'b19a3a93290207d165975f93c696a66df35f92decedfaa1d1906c64670025b71499452e8ec8518addb5e175933a43c0fed9f7f972e1c8f996b996d38e96122ff', '2022-04-25 21:10:48'),
(64, 'uploads/recipe/images/7e1434ce4afa4fcc9d69cf48b722fe87.png', 'uploads/recipe/images/thumbs/7e1434ce4afa4fcc9d69cf48b722fe87.png', '095232f10d8e002478caa7ad77135db550962e1e9d1b5f7722e6704b28a09ed68f66507e6950e1a4a02013c066c42b467964f3a94c85e6959f379b1259c44819', '2022-04-28 23:30:39'),
(65, 'uploads/recipe/images/33583960c152e85e1d18e8b98157ff26.png', 'uploads/recipe/images/thumbs/33583960c152e85e1d18e8b98157ff26.png', 'ef9a6b4454ce19fc38a65889c93dc0aa0fb6e88b549ddbd5c2c70507842d62afd98fbaffa076966e6a3dc79bc03814f13fdc5043322291c6a12b711df7ba612f', '2022-04-29 21:17:40'),
(66, 'uploads/recipe/images/b27541c19f4782aab6e25202f56f9146.png', 'uploads/recipe/images/thumbs/b27541c19f4782aab6e25202f56f9146.png', '1ab5bb14c9d0640009bdf9b524e7d3caf6bdd2b3d02707fcd4e41216e5ab7c26ca15a9a85f6c87724427c7bdc04faf446c715bfcf53bf11da4c4ba52543c2a29', '2022-05-03 07:03:52'),
(67, 'uploads/recipe/images/b924fd03779c944447d63ee778aebd1d.png', 'uploads/recipe/images/thumbs/b924fd03779c944447d63ee778aebd1d.png', 'e77011bca5105a425230f00a2c45eccbeb9be3900950d2efbd6d321fd9296dbbccf02bc339e9cc3109e7792244e9f31b7f1a039fef0a49863764f3b5d7983bd1', '2022-05-13 21:16:41'),
(68, 'uploads/recipe/images/5ca3e48c6991f2aacf263d983e158f75.png', 'uploads/recipe/images/thumbs/5ca3e48c6991f2aacf263d983e158f75.png', 'bce66c2fda6883ad7bc4f152be0763634f868e1b8d1cdc15258ef039a54b407f8a98ad6902d0919c9879f47726fd0054fb4a99f17b80d0d473cebf88786ffb6b', '2022-05-14 08:02:24'),
(69, 'uploads/recipe/images/d90c52ff3d75aeef751f00ba8ae3bf09.png', 'uploads/recipe/images/thumbs/d90c52ff3d75aeef751f00ba8ae3bf09.png', '28b45c60d53d6a3cdfd00b7b80a21f0f3ec06ff555b56f6fbf39bc58c699d08b9223f8be52d3b907f6aa22ba710ca1a0d2da889250207d49ae672772af51b2b3', '2022-05-19 10:20:04'),
(70, 'uploads/recipe/images/cf6598fbbf885d48b6f3f52e2da10daa.png', 'uploads/recipe/images/thumbs/cf6598fbbf885d48b6f3f52e2da10daa.png', '1d9ef3949c0cdc4ebafc253a3c833810d8ad408851b92af9f42dee2c6088dcde77aa627e9da873c8e61333eb979bb128a06bd095bcf21d292d7bebccafe54a04', '2022-05-24 10:14:42'),
(71, 'uploads/recipe/images/f8a017d619c987397ca2831a695434fa.png', 'uploads/recipe/images/thumbs/f8a017d619c987397ca2831a695434fa.png', '15649431bc3358e8094274f77adc3ef47479eaa7f2689a7b570b4799f08aa788a5c8f5e514b8fe36826078520a4e82ab594f7802f1eaf5e40131183d15187a0a', '2022-05-24 19:54:54'),
(72, 'uploads/recipe/images/c42bf8f05867fc8410bc30f424bd9c26.png', 'uploads/recipe/images/thumbs/c42bf8f05867fc8410bc30f424bd9c26.png', '79db00dedf728cf6cc0f62e27ceb95aa331efc710a7b035aa4fc86766b633fa3563cca8f90fe5916cca79adbd45e52011911b005245f2cab41d8193e5f0275f6', '2022-05-28 22:15:16'),
(73, 'uploads/recipe/images/b0aeac6b74bf92f18186317921882f4a.png', 'uploads/recipe/images/thumbs/b0aeac6b74bf92f18186317921882f4a.png', '3c058d13b89e0c0cdb83d16970c664721339695671dbe68b6bef272b7c4ecd4496d81d207dd4590ebe62e8c9e8bbb810bf1ff8520bc31ec33eec8f4590a7766a', '2022-05-31 09:29:35'),
(74, 'uploads/recipe/images/3f6e34a29379a1a57549c3d25b592987.png', 'uploads/recipe/images/thumbs/3f6e34a29379a1a57549c3d25b592987.png', '06eb73afe0228d46f22cb1fa20769c7a5d4df1cbdfec137bebaa517a0fc57c17bdbeac5b7a71082b70ff67e86b0581d7607963cf3d7eee26431034594441bf79', '2022-06-02 22:20:19'),
(75, 'uploads/recipe/images/ba60066de095a118c212660d01d59a2a.png', 'uploads/recipe/images/thumbs/ba60066de095a118c212660d01d59a2a.png', '3e40664d8d0c73a692961fcccf34a579322c715ecc7a21a65e8d83e7e2adac71d868134e99c68ce809c2bf4e42e09e0928819388499dd7105bacbfcbeb2ca88e', '2022-06-03 18:15:15'),
(76, 'uploads/recipe/images/503a073895a05b020fe8e2b325401a79.png', 'uploads/recipe/images/thumbs/503a073895a05b020fe8e2b325401a79.png', 'eb4463cff1f35e158c27a002b7eb860ee31ac568081361ea525111626e2fd86581469bb9408866f4f91829c7b6e81f06f65d0ffb004e1f90c196a1a915443743', '2022-06-03 20:13:17'),
(77, 'uploads/recipe/images/030e3f9b74a48e8e15ad5df9d1b6c4b5.png', 'uploads/recipe/images/thumbs/030e3f9b74a48e8e15ad5df9d1b6c4b5.png', '7a8d622ad54205a41d2a799211d1aafcd49eae1c960def5ec164e31c72748ab599421549f78f5d3c4e02ff1e202e0ce23317933eb8de1a2dc12b08decd8062ac', '2022-06-06 20:52:43'),
(78, 'uploads/recipe/images/93e5eca2c8a71a599ac01770787e1566.png', 'uploads/recipe/images/thumbs/93e5eca2c8a71a599ac01770787e1566.png', '18ba57429309d70af7aecce3566986fe3b84135c62f72eb69a81b2370f738a91cf30fbdd1adb39974d84747ebebbd0af5c2581a4ce8e28d74bb52cb1159e55ae', '2022-06-08 22:10:47'),
(79, 'uploads/recipe/images/2a41fc80ddd88bbf4d5e27ab969cfa38.png', 'uploads/recipe/images/thumbs/2a41fc80ddd88bbf4d5e27ab969cfa38.png', '880fa6ba5627e25aa843fe2d28dc16e0d8a384c9ca993b7a40d2c63cb96f93f8aa5cbdc93d429f150c65c36e2f1d3c541d76d4f52b6e5dc325661f526b7bde23', '2022-06-08 22:12:10'),
(80, 'uploads/recipe/images/d3c9969f1d1307dbed9060d1a30b8a19.png', 'uploads/recipe/images/thumbs/d3c9969f1d1307dbed9060d1a30b8a19.png', '55c98c7be6e7503c594029a4fef9860b12e1ad65acdd23b575ae09ae43748ca596a4f6d39961993694cbee5c12dd36b8db1eef885720340cb995e577d12052fd', '2022-06-11 06:38:17'),
(81, 'uploads/recipe/images/df593d1a11c3c11a0cac7a19678bd44e.png', 'uploads/recipe/images/thumbs/df593d1a11c3c11a0cac7a19678bd44e.png', '43b36a75ad0f4fe35429b19f619a1778b3d06f6605216d23dcb59720c12d5f371de4e5031f6fd6596b34526dbae284c2dffe64340571f868bb046664cfa387ea', '2022-06-11 06:38:36'),
(82, 'uploads/recipe/images/ded35808618e9bee1f2c39a1fb736bb5.png', 'uploads/recipe/images/thumbs/ded35808618e9bee1f2c39a1fb736bb5.png', 'c8d44bdda285466965dbc6f1bb3796c2d67cc7e046de12e6f8ec2536eafee75ce4e5e4feb9df9a02412e659eaa616b1cdf480408d626a9f91a7fe8837b5edc8a', '2022-06-16 12:49:11'),
(83, 'uploads/recipe/images/2b750bf6f2841c344325f3e6a8a2e1e8.png', 'uploads/recipe/images/thumbs/2b750bf6f2841c344325f3e6a8a2e1e8.png', '6c5d749ced8760005530de6e74abacfc297a5ff9c389c6b7c4521e52029ed813d262a1ebd9aad79ea7719235c2b6b3b53accfa0947c0a80658cf0d3d62142305', '2022-06-22 08:43:45'),
(84, 'uploads/recipe/images/8de29f7d71a61fcd3f4562c068e7d489.png', 'uploads/recipe/images/thumbs/8de29f7d71a61fcd3f4562c068e7d489.png', '365da353007fdfa8add2808d047a6ee21772324479198853aaeca1d8c62c58961cd52865cf8de4f39244fc6c895d1c3dac2eccf8d1e6b2825110821e997ebc7c', '2022-06-26 16:40:09'),
(85, 'uploads/recipe/images/67442cf878134d91e9d188852d003b71.png', 'uploads/recipe/images/thumbs/67442cf878134d91e9d188852d003b71.png', '292e53fa5fed6c2776cc4bb8e61f636cfcd5fa7f612a494e906555647205cd2bb762a1cf740a6b91ce41d5e62f1035e4dc82bd90420a85d221a24c838b3e788f', '2022-06-26 16:40:30'),
(86, 'uploads/recipe/images/0f97d5ad7bfb46e34ca413691d2b117c.png', 'uploads/recipe/images/thumbs/0f97d5ad7bfb46e34ca413691d2b117c.png', '4856b9234e66688468208aa91beefcc3dabbae4c78373199d08a5ea2c4aa8f2c2e1a431c1b88cf4faa2b3e846ad18494b25afc0ad43cb5cf17f672eb57aa36f6', '2022-07-02 05:54:06'),
(87, 'uploads/recipe/images/1321cd57fb169efa21c0dcb173a6e220.png', 'uploads/recipe/images/thumbs/1321cd57fb169efa21c0dcb173a6e220.png', '7fb739b2e60ce4f4a5ca94f9f2529cd57ed000c17e284f604ca4e76e967747fbacd3b5e37cc90fd183022cc4b85b32aefe27e2043ea42363fc3b958c3eec4d8c', '2022-07-02 05:54:33'),
(88, 'uploads/recipe/images/bbbf0409c16d87cdeeec868dc57c0fcb.png', 'uploads/recipe/images/thumbs/bbbf0409c16d87cdeeec868dc57c0fcb.png', '9e68c0bbe68e6eb04c70ed94c26b1d1a0b4e56c475315025b33a4639d6ba6117c5f57fbcf45981b843c102160d6149cb2daddec8bbca405084346bdb61f815c4', '2022-07-06 20:15:39'),
(89, 'uploads/recipe/images/7e292471ea1c93cbc020300f8e8b9257.png', 'uploads/recipe/images/thumbs/7e292471ea1c93cbc020300f8e8b9257.png', '9e68c0bbe68e6eb04c70ed94c26b1d1a0b4e56c475315025b33a4639d6ba6117c5f57fbcf45981b843c102160d6149cb2daddec8bbca405084346bdb61f815c4', '2022-07-06 20:15:39'),
(90, 'uploads/recipe/images/21d546aeb28450b3e9793caf71c516a5.png', 'uploads/recipe/images/thumbs/21d546aeb28450b3e9793caf71c516a5.png', '9e68c0bbe68e6eb04c70ed94c26b1d1a0b4e56c475315025b33a4639d6ba6117c5f57fbcf45981b843c102160d6149cb2daddec8bbca405084346bdb61f815c4', '2022-07-06 20:15:39');

-- --------------------------------------------------------

--
-- Table structure for table `general_page`
--

CREATE TABLE `general_page` (
  `id_general_page` int(15) NOT NULL,
  `nama_website` text DEFAULT NULL,
  `logo_website` text DEFAULT NULL,
  `logo_website_thumb` text DEFAULT NULL,
  `greeting_website` text DEFAULT NULL,
  `about_website` text DEFAULT NULL,
  `url_tutorial_alur` text DEFAULT NULL,
  `status_ppdb` varchar(5) DEFAULT NULL,
  `updated_at` datetime DEFAULT NULL,
  `inserted_at` datetime NOT NULL DEFAULT current_timestamp(),
  `status_general_page` varchar(5) NOT NULL DEFAULT '1'
) ENGINE=InnoDB DEFAULT CHARSET=latin1;

--
-- Dumping data for table `general_page`
--

INSERT INTO `general_page` (`id_general_page`, `nama_website`, `logo_website`, `logo_website_thumb`, `greeting_website`, `about_website`, `url_tutorial_alur`, `status_ppdb`, `updated_at`, `inserted_at`, `status_general_page`) VALUES
(1, 'KEUANGAN YAYASAN UTSMAN BIN AFFAN', 'uploads/general/images/0a04634c50f10f3e0adaa22656968c2d.png', 'uploads/general/images/thumbs/0a04634c50f10f3e0adaa22656968c2d.png', 'Selamat datang di SPPDB (Sistem Penerimaan Peserta Didik Baru) Sekolah Utsman Tahun Ajaran 2021/2020', '<p>ed do eiusmod tempor incididunt ut labore et dolore magna aliqua. Ut enim ad minim veniam, quis nostrud exercitation ullamco laboris nisi ut aliquip ex ea commodo consequat. Duis aute irure dolor in reprehenderit in voluptate velit sse cillum dolore eu fugiat nulla pariatur. Excepteur sint occaecat cupidatat</p>', 'https://youtu.be/bzxHOLc0uAY', '1', '2021-11-04 14:00:32', '2020-04-19 23:54:50', '1');

-- --------------------------------------------------------

--
-- Table structure for table `kontak`
--

CREATE TABLE `kontak` (
  `id_kontak` int(15) NOT NULL,
  `alamat` text DEFAULT NULL,
  `nomor_telephone` text DEFAULT NULL,
  `no_handphone` text DEFAULT NULL,
  `email` text DEFAULT NULL,
  `jam_kerja` text DEFAULT NULL,
  `akun_instagram` text DEFAULT NULL,
  `akun_facebook` text DEFAULT NULL,
  `akun_twitter` text DEFAULT NULL,
  `akun_youtube` text DEFAULT NULL,
  `url_website` text DEFAULT NULL,
  `updated_at` datetime DEFAULT NULL,
  `inserted_at` datetime NOT NULL DEFAULT current_timestamp(),
  `status_kontak` varchar(5) NOT NULL DEFAULT '1'
) ENGINE=InnoDB DEFAULT CHARSET=latin1;

--
-- Dumping data for table `kontak`
--

INSERT INTO `kontak` (`id_kontak`, `alamat`, `nomor_telephone`, `no_handphone`, `email`, `jam_kerja`, `akun_instagram`, `akun_facebook`, `akun_twitter`, `akun_youtube`, `url_website`, `updated_at`, `inserted_at`, `status_kontak`) VALUES
(1, 'Jln. Lakarsantri Selatan 31-35 Surabaya, Jawa Timur', '03199424800', '0895367047789', 'sekolahutsmansby@gmail.com', 'Full-Day School Senin-Jum\'at jam 07:00 pagi sampai 03:00 sore', 'https://www.instagram.com/sekolahutsman', 'https://web.facebook.com/sekolahutsman', 'https://twitter.com/sekolahutsman', 'https://www.youtube.com/channel/UCIrQWaF0ApCgT3zPb5eVTow', 'https://sekolahutsman.sch.id/', '2021-10-19 15:13:25', '0000-00-00 00:00:00', '1');

-- --------------------------------------------------------

--
-- Table structure for table `mailer_config`
--

CREATE TABLE `mailer_config` (
  `id_mailer` int(15) NOT NULL,
  `nama_pengirim` text NOT NULL,
  `host` text DEFAULT NULL,
  `email_induk` text DEFAULT NULL,
  `password` text DEFAULT NULL,
  `port` text DEFAULT NULL,
  `smtp_auth` text DEFAULT NULL,
  `smtp_secure` text DEFAULT NULL,
  `updated_at` datetime DEFAULT NULL,
  `inserted_at` datetime NOT NULL DEFAULT current_timestamp(),
  `status_mailer` varchar(5) DEFAULT '0'
) ENGINE=InnoDB DEFAULT CHARSET=latin1;

--
-- Dumping data for table `mailer_config`
--

INSERT INTO `mailer_config` (`id_mailer`, `nama_pengirim`, `host`, `email_induk`, `password`, `port`, `smtp_auth`, `smtp_secure`, `updated_at`, `inserted_at`, `status_mailer`) VALUES
(1, 'YAYASAN UTSMAN BIN AFFAN', 'smtp.googlemail.com', 'yayasanutsman@gmail.com', 'mejkaeoklgvrncva', '587', 'true', 'tls', '2022-06-20 10:09:06', '2020-06-02 19:18:32', '1');

-- --------------------------------------------------------

--
-- Table structure for table `pengeluaran`
--

CREATE TABLE `pengeluaran` (
  `id_pengeluaran` int(15) NOT NULL,
  `id_akun_keuangan` varchar(15) DEFAULT NULL,
  `id_tahun_ajaran` varchar(15) DEFAULT NULL,
  `nama_pengeluaran` text DEFAULT NULL,
  `jenis_pengeluaran` text DEFAULT NULL,
  `jenjang_pengeluaran` text DEFAULT NULL,
  `nominal_pengeluaran` text DEFAULT NULL,
  `uraian` text DEFAULT NULL,
  `keterangan` text DEFAULT NULL,
  `status_pembayaran` text DEFAULT NULL,
  `status_pengeluaran` text NOT NULL DEFAULT '0',
  `file_nota` text DEFAULT NULL,
  `file_transfer` text DEFAULT NULL,
  `tanggal_acc` text DEFAULT NULL,
  `updated_at` datetime DEFAULT NULL,
  `inserted_at` datetime NOT NULL DEFAULT current_timestamp()
) ENGINE=InnoDB DEFAULT CHARSET=latin1;

--
-- Dumping data for table `pengeluaran`
--

INSERT INTO `pengeluaran` (`id_pengeluaran`, `id_akun_keuangan`, `id_tahun_ajaran`, `nama_pengeluaran`, `jenis_pengeluaran`, `jenjang_pengeluaran`, `nominal_pengeluaran`, `uraian`, `keterangan`, `status_pembayaran`, `status_pengeluaran`, `file_nota`, `file_transfer`, `tanggal_acc`, `updated_at`, `inserted_at`) VALUES
(2, '9', '1', 'Iuran Lomba HGN ', '13', NULL, '193200', '', NULL, '1', '1', 'uploads/pengeluaran/images/4a3a051c191783c41b1ccd41dedbbcc1.jpeg', 'uploads/pengeluaran/images/65dbcc3f3f1e373125bd347bf156f057.png', '2021-11-28 15:42:42', '2021-11-28 15:42:16', '2021-11-05 09:05:00'),
(3, '9', '1', 'RAKER SD', '13', NULL, '600000', '', NULL, '1', '1', 'uploads/pengeluaran/images/2d0867856ec6b0cbf22e8fa685b9f1c4.jpeg', 'uploads/pengeluaran/images/f06983765aff015a33a9284fd3b817b9.png', '2021-11-28 15:36:09', '2021-11-28 15:33:47', '2021-11-05 09:08:08'),
(6, '15', '1', 'Uang Makan 1 November 2021', '13', NULL, '50000', '<p>5 org @10.000</p>', NULL, '2', '1', 'uploads/pengeluaran/images/272e2ffd661768ef45f8d1df959e8082.jpg', NULL, '2021-11-05 05:08:18', '2021-11-06 01:03:03', '2021-11-05 12:08:18'),
(7, '15', '1', 'Uang Makan 2 November 2021', '13', NULL, '50000', '<p>5 org @ 10.000</p>', NULL, '2', '1', 'uploads/pengeluaran/images/bf42ed1c95c78f0485a5a18f51a67e31.jpg', NULL, '2021-11-05 05:09:40', '2021-11-06 01:03:56', '2021-11-05 12:09:40'),
(8, '15', '1', 'Uang Makan 3 November 2021', '13', NULL, '50000', '<p>5 org @ 10.000</p>', NULL, '2', '1', 'uploads/pengeluaran/images/e78fa90c4fe158f7b763840451434c02.jpg', NULL, '2021-11-05 05:11:57', '2021-11-06 01:04:37', '2021-11-05 12:11:57'),
(9, '15', '1', 'Cleo ', '13', NULL, '38000', '<p>Cleo 2 buah @ 19.000</p>', NULL, '2', '1', 'uploads/pengeluaran/images/c1c0d4c78b523d356aa2be231ab6945c.jpg', NULL, '2021-11-05 05:13:29', '2021-11-06 01:00:43', '2021-11-05 12:13:29'),
(10, '15', '1', 'ATK', '13', NULL, '113500', '<p>1 bh Kertas HVS @ 54.000</p><p>1 bh amplop besar @ 23.000</p><p>1 bh isi staples @ 3.500</p><p>5 bh bolpen @ 15.000</p><p>4 bh baterai jam @ 2.500</p><p>4 bh baterai remote @ 2.000</p>', NULL, '2', '1', 'uploads/pengeluaran/images/765baa6f5ee1a44207c086a7c04b7a9f.jpg', NULL, '2021-11-05 05:18:37', '2021-11-06 00:58:57', '2021-11-05 12:18:37'),
(11, '15', '1', 'Uang Makan 4 November 2021', '13', NULL, '50000', '<p>5 org @ 10.000</p>', NULL, '2', '1', 'uploads/pengeluaran/images/bf21cdd8b47e595c322e5dbf96fb7665.jpg', NULL, '2021-11-05 05:20:41', '2021-11-06 01:05:12', '2021-11-05 12:20:41'),
(12, '15', '1', 'Uang Makan 5 November 2021', '13', NULL, '40000', '<p>4 org @ 10.000</p>', NULL, '2', '1', 'uploads/pengeluaran/images/ade47d52e68c2e25d3158228facf988f.jpg', NULL, '2021-11-05 06:30:23', '2021-11-06 01:06:19', '2021-11-05 13:30:23'),
(13, '15', '1', 'Obat Rumput', '13', NULL, '80000', '<p>Obat rumput merk Bablas </p>', NULL, '2', '1', 'uploads/pengeluaran/images/ac7d5d9ea0c3de60896e5e582161f0ca.jpg', NULL, '2021-11-05 06:33:18', '2021-11-06 01:02:06', '2021-11-05 13:33:18'),
(15, '15', '1', 'Alat Kebersihan tgl 8 nov', '13', NULL, '87000', '<p>1 bh sapu @ 27.000<br>1 bh pel2an @ 60.000</p>', NULL, '2', '1', 'uploads/pengeluaran/images/4409d0875b95dc81e86e48b7b0e7af45.jpg', NULL, '2021-11-08 04:09:00', NULL, '2021-11-08 11:09:00'),
(16, '15', '1', 'Uang Makan 8 November 2021', '13', NULL, '50000', '<p>5 org @10.000</p>', NULL, '2', '1', 'uploads/pengeluaran/images/1e0f919a51db2ecbab937f7ccefd45d6.jpg', NULL, '2021-11-08 05:59:31', NULL, '2021-11-08 12:59:31'),
(17, '9', '1', 'Pengambilan tabungan Us. Muminatus S.', '13', NULL, '6400000', '', NULL, '1', '1', 'uploads/pengeluaran/images/43b23b60d2905254a688bdb13e07da54.png', 'uploads/pengeluaran/images/27b1f4932d26afa2a4b64323518dbd6c.png', '2021-11-08 11:11:53', '2021-11-08 10:55:45', '2021-11-08 17:53:47'),
(18, '15', '1', 'Uang Makan 9 November 2021', '13', NULL, '50000', '<p>5 org @ 10.000</p>', NULL, '2', '1', 'uploads/pengeluaran/images/c3f5b464234b099e65cdd835126cb4cd.jpeg', NULL, '2021-11-09 06:12:53', NULL, '2021-11-09 13:12:53'),
(19, '15', '1', 'Pengambilan tabungan Us Nela', '13', NULL, '450000', '<p>ambil tabungan Us Nela</p>', NULL, '2', '1', 'uploads/pengeluaran/images/834b0b58b5a719a43de1a37e89ab79d5.jpeg', NULL, '2021-11-09 06:14:28', NULL, '2021-11-09 13:14:28'),
(20, '15', '1', 'Pulsa HP TU', '13', NULL, '14000', '<p>5.000 082 211 286 287 @ 7.000</p><p>5.000 089 9901 9478 @ 7.000</p>', NULL, '2', '1', 'uploads/pengeluaran/images/eba526bf866908bf80b9cf3da728df89.jpeg', NULL, '2021-11-09 06:16:01', NULL, '2021-11-09 13:16:01'),
(21, '15', '1', 'Ongkos gojek 10 November 2021', '13', NULL, '7000', '<p>ongkos gojek ambil berkas lomba HIMPAUDI ust zuli</p>', NULL, '2', '1', 'uploads/pengeluaran/images/ac53fc531b45a876f667b07e5c0389fc.jpeg', NULL, '2021-11-10 06:53:18', NULL, '2021-11-10 13:53:18'),
(23, '15', '1', 'Uang Makan 10 November 2021', '13', NULL, '50000', '<p>5 org @ 10.000</p>', NULL, '2', '1', 'uploads/pengeluaran/images/a06229c92bf801c3c913775106bc9941.jpeg', NULL, '2021-11-10 06:56:04', NULL, '2021-11-10 13:56:04'),
(24, '15', '1', 'Uang Makan 11 November 2021', '13', NULL, '50000', '<p>uang makan 5 org @ 10.000</p>', NULL, '2', '1', 'uploads/pengeluaran/images/dd8704cf6911388ef26d4f6f4e6f3048.jpeg', NULL, '2021-11-11 06:35:54', NULL, '2021-11-11 13:35:54'),
(25, '15', '1', 'Tisu tgl 11 November 2021', '13', NULL, '18000', '<p>3 bh tisu @ 6.000</p>', NULL, '2', '1', 'uploads/pengeluaran/images/c754f77ddc258c080a6bdb49b34a4e03.jpeg', NULL, '2021-11-11 06:36:57', NULL, '2021-11-11 13:36:57'),
(26, '15', '1', 'cleo tgl 12 november 2021', '13', NULL, '38000', '<p>2 bh cleo @ 19.000</p>', NULL, '2', '1', 'uploads/pengeluaran/images/1b7c8dfb66ed0f2aeb3c107f4062f929.jpeg', NULL, '2021-11-12 06:19:05', NULL, '2021-11-12 13:19:05'),
(27, '15', '1', 'Uang makan 12 november 2021', '13', NULL, '50000', '<p>5 org uang makan @ 10.000</p>', NULL, '2', '1', 'uploads/pengeluaran/images/85d87709d4f252306272ed581f136f77.jpeg', NULL, '2021-11-12 06:20:28', NULL, '2021-11-12 13:20:28'),
(28, '15', '1', 'Uang makan 15 november 2021', '13', NULL, '50000', '<p>5 org uang makan @ 10.000</p>', NULL, '2', '1', 'uploads/pengeluaran/images/82cf170c2b2856c82e293294f49cea6b.jpeg', NULL, '2021-11-15 06:47:19', NULL, '2021-11-15 13:47:19'),
(29, '15', '1', 'Konsumsi unt petugas puskesmas 15 nov\'21', '13', NULL, '48500', '<p>air mineral  4 bh @ 3.500</p><p>macam2 kue 32.000</p><p>cleo 1 bh @ 2.500</p>', NULL, '2', '1', 'uploads/pengeluaran/images/f0e8d8ef918782813119ef3375bda2ad.jpeg', NULL, '2021-11-15 06:51:10', NULL, '2021-11-15 13:51:10'),
(30, '15', '1', 'Uang makan 16 november 2021', '13', NULL, '50000', '<p>uang makan 5 org @ 10.000</p>', NULL, '2', '1', 'uploads/pengeluaran/images/b5f6885f554c6e8f024cd70bd42d0de3.jpeg', NULL, '2021-11-16 06:47:51', NULL, '2021-11-16 13:47:51'),
(31, '15', '1', 'uang makan 17 november 2021', '13', NULL, '40000', '<p>uang makan 4 org @ 10.000</p>', NULL, '2', '1', 'uploads/pengeluaran/images/44d672d13c43368906dd67338570ec43.jpeg', NULL, '2021-11-18 05:27:13', NULL, '2021-11-18 12:27:13'),
(32, '15', '1', 'uang makan 18 november 2021', '13', NULL, '50000', '<p>uang makan 5 org @ 10.000</p>', NULL, '2', '1', 'uploads/pengeluaran/images/865126217a17b6f213db3de57851ec51.jpeg', NULL, '2021-11-18 05:28:37', NULL, '2021-11-18 12:28:37'),
(33, '15', '1', 'uang makan 19 november 2021', '13', NULL, '50000', '<p>5 uang makan @ 10.000</p>', NULL, '2', '1', 'uploads/pengeluaran/images/9a2b08734716f378f3042f3d27e80b61.jpeg', NULL, '2021-11-19 06:38:56', NULL, '2021-11-19 13:38:56'),
(34, '15', '1', 'Ambil tab us nela 19 november 2021', '13', NULL, '595000', '<p>ambil tabungan us nela</p>', NULL, '2', '1', 'uploads/pengeluaran/images/bb5c828843152f41873c7e925fb28926.jpeg', NULL, '2021-11-19 06:40:23', NULL, '2021-11-19 13:40:23'),
(35, '15', '1', 'Cleo tgl 22 november 2021', '13', NULL, '38000', '<p>2 bh cleo @ 19.000</p>', NULL, '2', '1', 'uploads/pengeluaran/images/8c54dda6930745f44fb2a4e74d8accfb.jpeg', NULL, '2021-11-22 06:32:32', NULL, '2021-11-22 13:32:32'),
(36, '15', '1', 'uang makan 22 november 2021', '13', NULL, '50000', '<p>5 uang makan @ 10.000</p>', NULL, '2', '1', 'uploads/pengeluaran/images/c888fd6ca7f03cc519b4c540d562e298.jpeg', NULL, '2021-11-22 06:33:46', NULL, '2021-11-22 13:33:46'),
(37, '15', '1', 'Konsumsi unt petugas puskesmas 22 nov\'21', '13', NULL, '36000', '<p>4 bh teh pucuk @ 3.000</p><p>4 bh nasi bakar @ 6.000</p>', NULL, '2', '1', 'uploads/pengeluaran/images/635f00940026d00dc77cd7cc23294a50.jpeg', NULL, '2021-11-22 06:35:11', NULL, '2021-11-22 13:35:11'),
(38, '15', '1', 'ongkos gojek 22 november 2021', '13', NULL, '11000', '<p>ongkos gojek ambil berkas TK</p>', NULL, '2', '1', 'uploads/pengeluaran/images/b76116260dd57328b443f222c8e08083.jpeg', NULL, '2021-11-22 06:36:38', NULL, '2021-11-22 13:36:38'),
(39, '15', '1', 'uang makan 23 november 2021', '13', NULL, '50000', '<p>5 uang makan @ 10.000</p>', NULL, '2', '1', 'uploads/pengeluaran/images/7ca16a89dc290be41016b1f6cd6bbf7b.jpeg', NULL, '2021-11-23 06:44:24', NULL, '2021-11-23 13:44:24'),
(40, '15', '1', 'Materai tgl 24 november 2021', '13', NULL, '100000', '<p>10 buah materai 10.000 @ 10.000</p>', NULL, '2', '1', 'uploads/pengeluaran/images/7706e23800c1843be2ee72d2ad9f9cfe.jpeg', NULL, '2021-11-24 06:20:03', NULL, '2021-11-24 13:20:03'),
(41, '15', '1', 'ambil uang infaq an. Lubna tgl 24 nov 21', '13', NULL, '97000', '<p>ambil uang infaq an. Lubna 97.000</p>', NULL, '2', '1', 'uploads/pengeluaran/images/d12f57f6a204ff294f519be38fd3650b.jpeg', NULL, '2021-11-24 06:21:18', NULL, '2021-11-24 13:21:18'),
(42, '15', '1', 'uang makan 24 november 2021', '13', NULL, '50000', '<p>5 uang makan @ 10.000</p>', NULL, '2', '1', 'uploads/pengeluaran/images/36c4a102e7df01957fb3b974d157d772.jpeg', NULL, '2021-11-24 06:22:10', NULL, '2021-11-24 13:22:10'),
(43, '15', '1', 'uang makan 26 november 2021', '13', NULL, '50000', '<p>5 uang makan @10.000</p>', NULL, '2', '1', 'uploads/pengeluaran/images/8d79c83d4962ec3408b5217ff2eac74d.jpeg', NULL, '2021-11-26 06:33:33', NULL, '2021-11-26 13:33:33'),
(44, '15', '1', 'Ambil tab us fitri 27 november 2021', '13', NULL, '125500', '<p>ambil tab us fitri</p>', NULL, '2', '1', 'uploads/pengeluaran/images/ef57a6a403e8797fce87e52049c7c811.jpeg', NULL, '2021-11-27 03:16:29', NULL, '2021-11-27 10:16:29'),
(45, '15', '1', 'Ambil uang keg kelas 6 Altamis ', '13', NULL, '306000', '<p>ambil uang kegiatan kelas 6 Altamis </p>', NULL, '2', '1', 'uploads/pengeluaran/images/f859b94bb659d40ed462b8542f49a386.jpeg', NULL, '2021-11-27 03:17:48', NULL, '2021-11-27 10:17:48'),
(46, '15', '1', 'Ambil uang keg kelas 6 Salisa', '13', NULL, '306000', '<p>ambil uang kegiatan kelas 6 Salisa</p>', NULL, '2', '1', 'uploads/pengeluaran/images/9c56dd2e49315f6a1c691a77628ccfde.jpeg', NULL, '2021-11-27 03:19:21', NULL, '2021-11-27 10:19:21'),
(47, '15', '1', 'Uang Makan 29 November 2021', '13', NULL, '50000', '<p>uang makan 5 org @ 10.000</p>', NULL, '2', '1', 'uploads/pengeluaran/images/0a43b1b726948fff7f8c2bbaa1936474.jpeg', NULL, '2021-11-29 06:42:20', NULL, '2021-11-29 13:42:20'),
(48, '15', '1', 'Ambil tab us titis 30 november 2021', '13', NULL, '100000', '<p>ambil tab us titis</p>', NULL, '2', '1', 'uploads/pengeluaran/images/8151da52b8263653417e0156be8a6fab.jpeg', NULL, '2021-11-30 06:32:03', '2021-11-30 06:35:07', '2021-11-30 13:32:03'),
(49, '15', '1', 'Ambil tab azizi 30 november 2021', '13', NULL, '609500', '<p>ambil tab ahmad azizi</p>', NULL, '2', '1', 'uploads/pengeluaran/images/213f2b206bb370f23814133dec389ce9.jpeg', NULL, '2021-11-30 06:33:14', NULL, '2021-11-30 13:33:14'),
(50, '15', '1', 'Uang Makan 30 November 2021', '13', NULL, '50000', '<p>uang makan 5 org @ 10.000</p>', NULL, '2', '1', 'uploads/pengeluaran/images/83324c1e6f58d7161ac656fbcef2367e.jpeg', NULL, '2021-11-30 06:34:15', NULL, '2021-11-30 13:34:15'),
(51, '15', '1', 'Uang Makan 1 Desember 2021', '13', NULL, '50000', '<p>uang makan 5 org @ 10.000</p>', NULL, '2', '1', 'uploads/pengeluaran/images/fcdda8903730904c9ed5e0d3bf65f014.jpeg', NULL, '2021-12-01 06:57:16', NULL, '2021-12-01 13:57:16'),
(52, '15', '1', 'Cleo tgl 2 Desember 2021', '13', NULL, '38000', '<p>cleo 2 @ 19.000</p>', NULL, '2', '1', 'uploads/pengeluaran/images/b5a1589b53cbfcf367d9a075b3b4a4e1.jpeg', NULL, '2021-12-02 06:49:31', NULL, '2021-12-02 13:49:31'),
(53, '15', '1', 'Uang Makan 2 Desember 2021', '13', NULL, '50000', '<p>uang makan 5 org @10.000</p>', NULL, '2', '1', 'uploads/pengeluaran/images/7dc97a06277b868b7660f0321368aeb4.jpeg', NULL, '2021-12-02 06:50:23', NULL, '2021-12-02 13:50:23'),
(54, '15', '1', 'Ambil uang keg kelas KB Rama', '13', NULL, '885000', '<p>ambil uang kegiatan KB an. Khafi Rama</p>', NULL, '2', '1', 'uploads/pengeluaran/images/76dbe20d5e3e062db10aebccb115b023.jpeg', NULL, '2021-12-02 06:51:30', NULL, '2021-12-02 13:51:30'),
(55, '15', '1', 'Charger Speaker tgl 2 Desember 2021', '13', NULL, '93500', '<p>adaptor speaker 80.000</p><p>baterai mic 13.500</p>', NULL, '2', '1', 'uploads/pengeluaran/images/6584931e27d01eebb9539428d9828fb2.jpeg', NULL, '2021-12-02 06:52:43', NULL, '2021-12-02 13:52:43'),
(56, '15', '1', 'Uang Makan 3 Desember 2021', '13', NULL, '50000', '<p>uang makan 5 org @ 10.000</p>', NULL, '2', '1', 'uploads/pengeluaran/images/ddcb70ed4ff5c8c53fe719a3e6b79b95.jpeg', NULL, '2021-12-03 06:28:23', NULL, '2021-12-03 13:28:23'),
(57, '15', '1', 'Ambil tab us fitri 3 desember 2021', '13', NULL, '1100000', '<p>ambil tabungan us fitri : 1.100.000</p>', NULL, '2', '1', 'uploads/pengeluaran/images/debbdddbe92d9e71128a0a1ffc4e5a63.jpeg', NULL, '2021-12-03 06:29:32', NULL, '2021-12-03 13:29:32'),
(58, '15', '1', 'Ambil tab us fitri 4 desember 2021', '13', NULL, '350000', '<p>ambil tab us fitri</p>', NULL, '2', '1', 'uploads/pengeluaran/images/934edc57dd6fb3eb7db5c0e5e68bd3ec.jpeg', NULL, '2021-12-04 02:45:39', NULL, '2021-12-04 09:45:39'),
(59, '15', '1', 'Uang Makan 6 Desember 2021', '13', NULL, '50000', '<p>uang makan 5 org</p>', NULL, '2', '1', 'uploads/pengeluaran/images/9b3c708b576ff92dcd4cff47b368d88a.jpeg', NULL, '2021-12-06 06:58:03', NULL, '2021-12-06 13:58:03'),
(60, '15', '1', 'Pulsa HP TU tgl 6 Desember 2021', '13', NULL, '14000', '<p>pulsa 2 hp TU</p>', NULL, '2', '1', 'uploads/pengeluaran/images/1a0a8e3447cf92853fd4ffcc6c81a724.jpeg', NULL, '2021-12-06 06:59:03', NULL, '2021-12-06 13:59:03'),
(61, '15', '1', 'Ambil tab us fitri 6 desember 2021', '13', NULL, '1700000', '<p>ambil tab us fitri</p>', NULL, '2', '1', 'uploads/pengeluaran/images/0cc6df20a26195d855af530deb1bbcb0.jpeg', NULL, '2021-12-06 06:59:49', NULL, '2021-12-06 13:59:49'),
(62, '15', '1', 'Cleo tgl 6 Desember 2021', '13', NULL, '38000', '<p>2 bh cleo galon</p>', NULL, '2', '1', 'uploads/pengeluaran/images/6e92f87eed8c9e3759922772ccd2ba43.jpeg', NULL, '2021-12-06 07:00:31', NULL, '2021-12-06 14:00:31'),
(63, '15', '1', 'Uang Makan 7 Desember 2021', '13', NULL, '50000', '<p>uang makan 5 org @ 10.000</p>', NULL, '2', '1', 'uploads/pengeluaran/images/c52d5e53e9060559c46edb1f27eff766.jpeg', NULL, '2021-12-08 06:16:42', NULL, '2021-12-08 13:16:42'),
(64, '15', '1', 'Uang Makan 8 Desember 2021', '13', NULL, '50000', '<p>uang makan 5 org @ 10.000</p>', NULL, '2', '1', 'uploads/pengeluaran/images/2b48f73b6195f0197d2ba51c0e4eeb2f.jpeg', NULL, '2021-12-08 06:17:32', NULL, '2021-12-08 13:17:32'),
(65, '15', '1', 'Uang Makan 9 Desember 2021', '13', NULL, '50000', '<p>uang makan 5 org @ 10.000</p>', NULL, '2', '1', 'uploads/pengeluaran/images/6d0649a40f560e7217fd8038c9fe2b8c.jpeg', NULL, '2021-12-09 06:43:10', NULL, '2021-12-09 13:43:10'),
(66, '15', '1', 'Uang Makan 10 Desember 2021', '13', NULL, '50000', '<p>uang makan 5 org @ 10.000</p>', NULL, '2', '1', 'uploads/pengeluaran/images/2ab2e0ff24b2c57c3eea085a0e0e72e6.jpeg', NULL, '2021-12-10 06:50:59', NULL, '2021-12-10 13:50:59'),
(67, '15', '1', 'Uang Makan 25 November 2021', '13', NULL, '50000', '<p>uang makan 5 org @ 10.000</p>', NULL, '2', '1', 'uploads/pengeluaran/images/d9b64293ad2af9b3eaab1284f4d2feea.jpeg', NULL, '2021-12-11 00:43:38', NULL, '2021-12-11 07:43:38'),
(68, '15', '1', 'Uang Makan 14 Desember 2021', '13', NULL, '40000', '<p>uang makan 4 org @ 10.000</p>', NULL, '2', '1', 'uploads/pengeluaran/images/197de3cc10d0e83cfa045f0e1a2ba3fb.jpeg', NULL, '2021-12-14 06:49:03', NULL, '2021-12-14 13:49:03'),
(69, '15', '1', 'Service printer TU 14 Des 2021', '13', NULL, '90000', '<p>service printer TU</p>', NULL, '2', '1', 'uploads/pengeluaran/images/6911416c6c15a99849f035b39c9d13ed.jpeg', NULL, '2021-12-14 06:49:52', NULL, '2021-12-14 13:49:52'),
(70, '15', '1', 'Uang Makan 15 Desember 2021', '13', NULL, '40000', '<p>uang makan 4 org @ 10.000</p>', NULL, '2', '1', 'uploads/pengeluaran/images/cbc469387266d08f1ce52178c174ee38.jpeg', NULL, '2021-12-18 01:28:37', NULL, '2021-12-18 08:28:37'),
(71, '15', '1', 'Konsumsi unt tamu dr Al Falah 15 des\'21', '13', NULL, '230500', '<p>Konsumsi unt tamu dari Al Falah</p>', NULL, '2', '1', 'uploads/pengeluaran/images/d7ecf3f43a0d9ac8a17c6d8037d55abe.jpeg', NULL, '2021-12-18 01:31:50', NULL, '2021-12-18 08:31:50'),
(72, '15', '1', 'Uang Makan 16 Desember 2021', '13', NULL, '50000', '<p>uang makan 5 org @ 10.000</p>', NULL, '2', '1', 'uploads/pengeluaran/images/39983d42ae0d9c1bdb244f8849eed67e.jpeg', NULL, '2021-12-18 01:34:44', NULL, '2021-12-18 08:34:44'),
(73, '15', '1', 'Konsumsi unt petugas puskesmas 16 des\'21', '13', NULL, '253500', '<p>Konsumsi unt petugas puskesmas ( vaksin kelas 1, 2 dan 3 )</p>', NULL, '2', '1', 'uploads/pengeluaran/images/133c43588a05f2f6d7d67d11b936ae56.jpeg', NULL, '2021-12-18 01:37:09', NULL, '2021-12-18 08:37:09'),
(74, '15', '1', 'Materai tgl 16 desember 2021', '13', NULL, '50000', '<p>5 buah materai @ 10.000 unt TK</p>', NULL, '2', '1', 'uploads/pengeluaran/images/871266c061c97f7eb2cff268dcf9590c.jpeg', NULL, '2021-12-18 01:38:19', NULL, '2021-12-18 08:38:19'),
(75, '15', '1', 'Cleo tgl 16 desember 2021', '13', NULL, '57000', '<p>3 bh Cleo @ 19.000</p>', NULL, '2', '1', 'uploads/pengeluaran/images/7a4eaf532ff88fc9e3e7c48c7d77f7d5.jpeg', NULL, '2021-12-18 01:40:12', NULL, '2021-12-18 08:40:12'),
(76, '15', '1', 'ATK tgl 16 desember 2021', '13', NULL, '52000', '<p>1 rim HVS F4 unt TU</p>', NULL, '2', '1', 'uploads/pengeluaran/images/7959f7b35cdc828e1d9767704c230db6.jpeg', NULL, '2021-12-18 01:41:13', NULL, '2021-12-18 08:41:13'),
(77, '15', '1', 'Ongkos gojek 16 desember 2021', '13', NULL, '11000', '<p>Ongkos gojek kirim berkas ke TK ABA ( Ust Zuli )</p><p> </p>', NULL, '2', '1', 'uploads/pengeluaran/images/67040541b78335a99b139b70cfe6ebbc.jpeg', NULL, '2021-12-18 01:43:34', NULL, '2021-12-18 08:43:34'),
(78, '15', '1', 'Uang Makan 17 Desember 2021', '13', NULL, '50000', '<p>uang makan 5 org @ 10.000</p>', NULL, '2', '1', 'uploads/pengeluaran/images/20ab79b97e738070e0e0982d7408596c.jpeg', NULL, '2021-12-18 01:45:50', NULL, '2021-12-18 08:45:50'),
(79, '15', '1', 'Ambil uang keg kelas 6 Andini', '13', NULL, '306000', '<p>Ambil uang kegiatan kelas 6 an. Andini</p>', NULL, '2', '1', 'uploads/pengeluaran/images/e27ae51218157f0d86a7773f6d4c1624.jpeg', NULL, '2021-12-18 01:48:22', NULL, '2021-12-18 08:48:22'),
(80, '15', '1', 'Uang Sangu unt Polsek tgl 20 des 2021', '13', NULL, '200000', '<p>uang sangu unt polsek saat vaksin jenjang kelas bawah</p>', NULL, '2', '1', 'uploads/pengeluaran/images/ccf4d61b3a94332ffcf5d7748ce635d9.jpeg', NULL, '2021-12-24 03:42:54', NULL, '2021-12-24 10:42:54'),
(81, '15', '1', 'Ambil uang keg kelas 6 Nara', '13', NULL, '306000', '<p>Ambil uang kegiatan kelas 6 an. Nara</p>', NULL, '2', '1', 'uploads/pengeluaran/images/f9338decb9e21fa36555be5427b59859.jpeg', NULL, '2021-12-24 03:44:25', NULL, '2021-12-24 10:44:25'),
(82, '15', '1', 'Uang Makan 20 Desember 2021', '13', NULL, '50000', '<p>Uang makan 5 org @ 10.000</p>', NULL, '2', '1', 'uploads/pengeluaran/images/a2652613d479d3f12e81113ede7cd3f4.jpeg', NULL, '2021-12-24 03:45:36', NULL, '2021-12-24 10:45:36'),
(83, '15', '1', 'Banner Semeru dan Raker', '13', NULL, '132000', '<p>Banner Semeru @ 75.000</p><p>Banner Raker @ 57.000</p>', NULL, '2', '1', 'uploads/pengeluaran/images/0d7d6bfef7b5cb79283a2040b0b1e6bd.jpeg', NULL, '2021-12-24 03:48:08', NULL, '2021-12-24 10:48:08'),
(84, '15', '1', 'Banner PPDB', '13', NULL, '456000', '<p>Banner PPDB</p>', NULL, '2', '1', 'uploads/pengeluaran/images/3d509b5776f78bdff6c9de0199d4a91f.jpeg', NULL, '2021-12-24 03:49:15', NULL, '2021-12-24 10:49:15'),
(85, '15', '1', 'Uang Makan 21 Desember 2021', '13', NULL, '50000', '<p>Uang Makan 5 org @ 10.000</p>', NULL, '2', '1', 'uploads/pengeluaran/images/ca747482d68a7f63ca401359ca52e69d.jpeg', NULL, '2021-12-24 03:57:10', NULL, '2021-12-24 10:57:10'),
(86, '15', '1', 'Konsumsi unt petugas puskesmas 21 des\'21', '13', NULL, '79000', '<p>konsumsi unt petugas puskesmas vaksin jenjang sd kelas atas</p>', NULL, '2', '1', 'uploads/pengeluaran/images/7919969aadc4508a7310065fbc9f8ba7.jpeg', NULL, '2021-12-24 03:59:01', NULL, '2021-12-24 10:59:01'),
(87, '15', '1', 'uang Makan 22 Desember 2021', '13', NULL, '50000', '<p>Uang makan 5 org @ 10.000</p>', NULL, '2', '1', 'uploads/pengeluaran/images/16410fecc327831998bed25feb605a49.jpeg', NULL, '2021-12-24 03:59:58', NULL, '2021-12-24 10:59:58'),
(88, '15', '1', 'Uang Makan 23 Desember 2021', '13', NULL, '50000', '<p>Uang makan 5 org @ 10.000</p>', NULL, '2', '1', 'uploads/pengeluaran/images/4d1b3259f7b0c2d448db3b88659c97f6.jpeg', NULL, '2021-12-24 04:03:16', NULL, '2021-12-24 11:03:16'),
(89, '15', '1', 'Bendrat tgl 23 des\'21', '13', NULL, '10000', '<p>beli bendrat unt paku banner PPDB</p>', NULL, '2', '1', 'uploads/pengeluaran/images/fa7f4778b1622cc2f6a47a532f09fafa.jpeg', NULL, '2021-12-24 04:04:26', NULL, '2021-12-24 11:04:26'),
(90, '15', '1', 'Konsumsi unt fotografer kalender 24 des\'21', '13', NULL, '102000', '<p>konsumsi unt fotografer kalender unt 2 org selama 2 hr</p>', NULL, '2', '1', 'uploads/pengeluaran/images/f57829e84cdebeb88de79f059110e5af.jpeg', NULL, '2021-12-24 04:06:04', NULL, '2021-12-24 11:06:04'),
(91, '15', '1', 'Uang Makan 24 Desember 2021', '13', NULL, '50000', '<p>uang makan 5 org @ 10.000</p>', NULL, '2', '1', 'uploads/pengeluaran/images/ef9a5011e44e4324da74e37bc2fbcda3.jpeg', NULL, '2021-12-24 04:09:08', NULL, '2021-12-24 11:09:08'),
(92, '15', '1', 'Uang Makan 27 Desember 2021', '13', NULL, '40000', '<p>uang makan 4 org @ 10.000</p>', NULL, '2', '1', 'uploads/pengeluaran/images/25b58820c2ccd72bd4c2446454e8b0f3.jpeg', NULL, '2021-12-31 01:48:14', NULL, '2021-12-31 08:48:14'),
(93, '15', '1', 'Uang Makan 28 Desember 2021', '13', NULL, '50000', '<p>uang makan 5 org @ 10.000</p>', NULL, '2', '1', 'uploads/pengeluaran/images/b1f0e8e189a4f18a8fd7ce9ca489719a.jpeg', NULL, '2021-12-31 01:49:00', NULL, '2021-12-31 08:49:00'),
(94, '15', '1', 'Uang Makan 29 Desember 2021', '13', NULL, '50000', '<p>uang makan 5 org @ 10.000</p>', NULL, '2', '1', 'uploads/pengeluaran/images/06b411214b588f7949090f69968629c5.jpeg', NULL, '2021-12-31 01:49:38', NULL, '2021-12-31 08:49:38'),
(95, '15', '1', 'Uang Makan 30 Desember 2021', '13', NULL, '50000', '<p>uang makan 5 org @ 10.000</p>', NULL, '2', '1', 'uploads/pengeluaran/images/5fa0e95d9168cef9d2fd18fa390e532f.jpeg', NULL, '2021-12-31 01:50:57', NULL, '2021-12-31 08:50:57'),
(96, '15', '1', 'Konsumsi unt penilik monev tk 30 des\'21', '13', NULL, '149000', '<p>2 bh kopi botol @7.000</p><p>2 bh air mineral @ 3.000</p><p>2 bh pulpi orange @ 4.500</p><p>2 bh banana cake @ 32.000</p><p>2 bh nasi padang @ 25.000</p><p>1 bh es jeruk @ 6.000</p>', NULL, '2', '1', 'uploads/pengeluaran/images/45c90123a77d1e912a65d766e79a3618.jpeg', NULL, '2021-12-31 01:55:43', NULL, '2021-12-31 08:55:43'),
(97, '9', '3', 'HP TU UNTUK VA', '5', NULL, '1799000', '', NULL, '1', '1', 'uploads/pengeluaran/images/a500df4308e527fc566619972c8abc50.png', 'uploads/pengeluaran/images/91ea315b82f4c7ca691fda9ca64a3bf4.png', '2022-01-07 10:11:35', NULL, '2022-01-07 17:09:05'),
(98, '15', '1', 'Uang Makan 3 Januari 2022', '13', NULL, '90000', '<p>uang makan tgl 31 des 2021 4 org @ 10.000</p><p>uang makan tgl 3 jan 2022 5 org @ 10.000</p>', NULL, '2', '1', 'uploads/pengeluaran/images/f89b66a3de17df0adae71ee472d10499.jpeg', NULL, '2022-01-21 01:38:32', NULL, '2022-01-21 08:38:32'),
(99, '15', '1', 'Cleo tgl 3 Januari 2022', '13', NULL, '44000', '<p>2 bh Cleo @ 19.000</p><p>1 bh isolasi tanggung @ 6.000</p>', NULL, '2', '1', 'uploads/pengeluaran/images/6c6b36166ccd70e4a199af98d6cb126d.jpeg', NULL, '2022-01-21 01:40:48', NULL, '2022-01-21 08:40:48'),
(100, '15', '1', 'Iuran Sosial SD thn 2019 tgl 4 Januari 2022', '13', NULL, '80000', '<p>Iuran Sosial Jenjang SD bln Sept - Des 2019 @ 20.000</p>', NULL, '2', '1', 'uploads/pengeluaran/images/42fb009535b0c7152efacde8a78f55d0.jpeg', NULL, '2022-01-21 01:46:21', NULL, '2022-01-21 08:46:21'),
(101, '15', '1', 'Uang Makan 4 Januari 2022', '13', NULL, '50000', '<p>5 org uang makan @ 10.000</p>', NULL, '2', '1', 'uploads/pengeluaran/images/03e17a183ace9e97b185f25ff0f9339e.jpeg', NULL, '2022-01-21 01:48:19', NULL, '2022-01-21 08:48:19'),
(102, '15', '1', 'Ambil tab us fitri 4 januari 2022', '13', NULL, '1000000', '<p>Ambil tabungan Us Fitri : 1.000.000</p>', NULL, '2', '1', 'uploads/pengeluaran/images/644073e2a94745654f8d69e7206b003b.jpeg', NULL, '2022-01-21 01:54:59', NULL, '2022-01-21 08:54:59'),
(103, '15', '1', 'Ambil uang keg kelas 9 Shevchenko', '13', NULL, '129000', '<p>Ambil uang kegiatan kelas 9 an. Shevchenko</p>', NULL, '2', '1', 'uploads/pengeluaran/images/5ab3919282945ddde59d6550ac7b28f1.jpeg', NULL, '2022-01-21 01:58:08', NULL, '2022-01-21 08:58:08'),
(104, '15', '1', 'Uang Makan 5 Januari 2022', '13', NULL, '50000', '<p>5 org uang makan @ 10.000</p>', NULL, '2', '1', 'uploads/pengeluaran/images/5fbc3b3425db0b211e5254f9d8bd712d.jpeg', NULL, '2022-01-21 02:02:15', NULL, '2022-01-21 09:02:15'),
(105, '15', '1', 'Kasbon Pak Pur tgl 5 Januari 2022', '13', NULL, '200000', '<p>Kasbon Pak Pur : 200.000</p>', NULL, '2', '1', 'uploads/pengeluaran/images/49e57c46f2c2137e958cc5cdcadff506.jpeg', NULL, '2022-01-21 02:03:33', NULL, '2022-01-21 09:03:33'),
(106, '15', '1', 'Ambil uang keg kelas TK B Raline', '13', NULL, '570000', '<p>Ambil uang kegiatan TK B an. Raline</p>', NULL, '2', '1', 'uploads/pengeluaran/images/2f998abf0dda560b63d35cd58ee2ccec.jpeg', NULL, '2022-01-21 02:10:50', NULL, '2022-01-21 09:10:50'),
(107, '15', '1', 'Uang Makan 6 Januari 2022', '13', NULL, '50000', '<p>5 org uang makan @ 10.000</p>', NULL, '2', '1', 'uploads/pengeluaran/images/8c1aa85d5153ca589fcd8a46dd8548b7.jpeg', NULL, '2022-01-21 02:11:39', NULL, '2022-01-21 09:11:39'),
(108, '15', '1', 'Fotocopi Ijasah SD tgl 7 Januari 2022', '13', NULL, '522000', '<p>87 buah kertas ijasah SD bolak balik @ 6.000</p>', NULL, '2', '1', 'uploads/pengeluaran/images/f15b53e3cf9b619af828610644bd1c84.jpeg', NULL, '2022-01-21 02:15:20', NULL, '2022-01-21 09:15:20'),
(109, '15', '1', 'Uang Makan 7 Januari 2022', '13', NULL, '50000', '<p>5 org uang makan @ 10.000</p>', NULL, '2', '1', 'uploads/pengeluaran/images/96bebd6cf197a8ea7211bd99b5388503.jpeg', NULL, '2022-01-21 02:25:26', NULL, '2022-01-21 09:25:26'),
(110, '15', '1', 'Ambil tab us mimin 7 jan 2022', '13', NULL, '2000000', '<p>Ambil tab Us Mimin : 2.000.000</p>', NULL, '2', '1', 'uploads/pengeluaran/images/5ba1be1418721008afb1a0a53905f363.jpeg', NULL, '2022-01-21 02:35:23', NULL, '2022-01-21 09:35:23'),
(111, '15', '1', 'Uang Makan 10 Januari 2022', '13', NULL, '50000', '<p>5 org uang makan @ 10.000</p>', NULL, '2', '1', 'uploads/pengeluaran/images/27ef88132087aed0fd2ac187c4403f8c.jpeg', NULL, '2022-01-21 02:46:09', NULL, '2022-01-21 09:46:09'),
(112, '15', '1', 'Pulsa HP TU tgl 10 Januari 2022', '13', NULL, '14000', '<p>2 Pulsa HP TU 5.000 @ 7.000</p>', NULL, '2', '1', 'uploads/pengeluaran/images/32cdbc1c56bd32fe9fd25fb646d3533b.jpeg', NULL, '2022-01-21 02:47:19', NULL, '2022-01-21 09:47:19'),
(113, '15', '1', 'Ambil uang jilbab an. Ken tgl 10 Jan 22', '13', NULL, '45000', '<p>Ambil uang jilbab Ken tf tgl 7/1 : 45.000</p>', NULL, '2', '1', 'uploads/pengeluaran/images/319c46e2aaf59edefd3b8955d389ad23.jpeg', NULL, '2022-01-21 02:48:55', NULL, '2022-01-21 09:48:55'),
(114, '15', '1', 'Uang Makan 11 Januari 2022', '13', NULL, '50000', '<p>5 org uang makan @ 10.000</p>', NULL, '2', '1', 'uploads/pengeluaran/images/686e293a31eb0a36ef593c203602ec29.jpeg', NULL, '2022-01-21 03:16:07', NULL, '2022-01-21 10:16:08'),
(115, '15', '1', 'Ongkos kirim TAS PPDB', '13', NULL, '34000', '<p>Ongkos kirim TAS PPDB</p>', NULL, '2', '1', 'uploads/pengeluaran/images/27a4223e55f043c9e9fdf6136d54302c.jpeg', NULL, '2022-01-21 03:18:26', NULL, '2022-01-21 10:18:26'),
(116, '15', '1', 'Ambil tab us nur 11 jan 22', '13', NULL, '300000', '<p>Ambil tab Us Nur : 300.000</p>', NULL, '2', '1', 'uploads/pengeluaran/images/9093c79b497c2452cca9144b27804750.jpeg', NULL, '2022-01-21 03:25:04', NULL, '2022-01-21 10:25:04'),
(117, '15', '1', 'Cleo tgl 12 januari 2022', '13', NULL, '60000', '<p>2 bh cleo galon @ 19.000</p><p>1 bh club gelas @ 22.000</p>', NULL, '2', '1', 'uploads/pengeluaran/images/dcc8045a1332395a72c9828682fda374.jpeg', NULL, '2022-01-21 03:59:56', NULL, '2022-01-21 10:59:56'),
(118, '15', '1', 'Konsumsi unt tamu SD 12 januari 2022', '13', NULL, '100000', '<p>beli 1 dos Aqua botol unt tamu SD </p><p>( NOTA BELUM )</p>', NULL, '2', '1', 'uploads/pengeluaran/images/c5c7daafa08e92bc5b5b4866f5fdcf85.jpeg', NULL, '2022-01-21 04:01:33', NULL, '2022-01-21 11:01:33'),
(119, '15', '1', 'Konsumsi unt tamu dr Wafa 12 januari 2022', '13', NULL, '100000', '<p>Konsumsi unt tamu dr WAFA</p><p>( NOTA BELUM )</p>', NULL, '2', '1', 'uploads/pengeluaran/images/e6ebdd67605d76dfa84e15ed2da5ffe1.jpeg', NULL, '2022-01-21 04:02:55', NULL, '2022-01-21 11:02:55'),
(120, '15', '1', 'Uang Makan 12 Januari 2022', '13', NULL, '50000', '<p>5 org uang makan @ 10.000</p>', NULL, '2', '1', 'uploads/pengeluaran/images/017bbf8b7e59d02784ed7e1040f6fd44.jpeg', NULL, '2022-01-21 04:04:43', NULL, '2022-01-21 11:04:43'),
(121, '15', '1', 'Uang sangu unt Pengawas SD tgl 13 Jan 22', '13', NULL, '200000', '<p>Uang sangu unt Pengawas SD </p>', NULL, '2', '1', 'uploads/pengeluaran/images/60612a6f8177b20bebcc40a3483f6763.jpeg', NULL, '2022-01-21 04:40:15', NULL, '2022-01-21 11:40:15'),
(122, '15', '1', 'Uang Makan 13 Januari 2022', '13', NULL, '50000', '<p>5 org uang makan @ 10.000</p>', NULL, '2', '1', 'uploads/pengeluaran/images/6e070b0383bd2ca49549b8396cd25b40.jpeg', NULL, '2022-01-21 04:41:11', NULL, '2022-01-21 11:41:11'),
(123, '15', '1', 'Ambil tab us ely 13 januari 2022', '13', NULL, '300000', '<p>Ambil tab Us Ely : 300.000</p>', NULL, '2', '1', 'uploads/pengeluaran/images/64fdc607ebbf8f9fccdad483f66d4c55.jpeg', NULL, '2022-01-21 04:42:10', NULL, '2022-01-21 11:42:10'),
(124, '15', '1', 'Konsumsi unt petugas puskesmas 14 jan\'22', '13', NULL, '100000', '<p>Konsumsi unt petugas puskesmas ( vaksin jenjang kelas bawah )</p><p>NOTA BELUM</p>', NULL, '2', '1', 'uploads/pengeluaran/images/29aff619ff72ffb8e68937c4d6eeb105.jpeg', NULL, '2022-01-21 05:02:11', NULL, '2022-01-21 12:02:11'),
(125, '15', '1', 'Uang Makan 14 Januari 2022', '13', NULL, '50000', '<p>5 org uang makan @ 10.000</p>', NULL, '2', '1', 'uploads/pengeluaran/images/dea1b5854373d336b8d241575d1f9095.jpeg', NULL, '2022-01-21 05:03:08', NULL, '2022-01-21 12:03:08'),
(126, '15', '1', 'Uang Makan 15 Januari 2022', '13', NULL, '50000', '<p>5 org uang makan @ 10.000</p>', NULL, '2', '1', 'uploads/pengeluaran/images/d7eb56939f44d2b8e17a7aa788d4edf0.jpeg', NULL, '2022-01-21 05:23:18', NULL, '2022-01-21 12:23:18'),
(127, '15', '1', 'Ambil tab izi dan fila 15 januari 2022', '13', NULL, '2438000', '<p>Ambil tabungan :</p><ul><li>izi : 1.219.000</li><li>fila : 1.219.000</li></ul>', NULL, '2', '1', 'uploads/pengeluaran/images/275d9a7ca33c1d5d419115be19a6d6dd.jpeg', NULL, '2022-01-21 05:29:35', NULL, '2022-01-21 12:29:35'),
(128, '15', '1', 'Uang Makan 18 Januari 2022', '13', NULL, '40000', '<p>4 org uang makan @ 10.000</p>', NULL, '2', '1', 'uploads/pengeluaran/images/469985b5681768a6685d681dd985cdbf.jpeg', NULL, '2022-01-21 05:30:48', NULL, '2022-01-21 12:30:48'),
(129, '15', '1', 'Cleo tgl 19 januari 2022', '13', NULL, '38000', '<p>2 bh cleo @ 19.000</p>', NULL, '2', '1', 'uploads/pengeluaran/images/b277063684546907303045653aef1368.jpeg', NULL, '2022-01-21 05:38:47', NULL, '2022-01-21 12:38:47'),
(130, '15', '1', 'Uang Makan 19 Januari 2022', '13', NULL, '50000', '<p>5 org uang makan @ 10.000</p>', NULL, '2', '1', 'uploads/pengeluaran/images/0ea3f21a9803b7773ca62f269202780a.jpeg', NULL, '2022-01-21 05:39:41', NULL, '2022-01-21 12:39:41'),
(131, '15', '1', 'Uang Makan 21 Januari 2022', '13', NULL, '100000', '<p>uang makan :</p><ul><li>tgl 20 jan 5 org @ 10.000</li><li>tgl 21 jan 5 org @ 10.000</li></ul>', NULL, '2', '1', 'uploads/pengeluaran/images/76e1160ee0ac4e54b36d340a7aacb885.jpeg', NULL, '2022-01-21 06:08:47', NULL, '2022-01-21 13:08:47'),
(132, '15', '1', 'Konsumsi unt petugas puskesmas 21 jan\'22', '13', NULL, '100000', '<p>Konsumsi unt petugas puskesmas ( vaksin jenjang kelas atas )</p>', NULL, '2', '1', 'uploads/pengeluaran/images/cf58148af56982ab1289588fe678d6af.jpeg', NULL, '2022-01-21 06:10:18', NULL, '2022-01-21 13:10:18'),
(133, '15', '1', 'Tabung Pemadam tgl 21 Januari 2022', '13', NULL, '480000', '<p>2 bh tabung pemadam kebakaran @ 240.000</p>', NULL, '2', '1', 'uploads/pengeluaran/images/a038e7e377c6353f81128c2ede825967.jpeg', NULL, '2022-01-21 06:11:17', NULL, '2022-01-21 13:11:17'),
(134, '15', '1', 'Material Pasang AC tgl 21 Januari 2022', '13', NULL, '348000', '<p>Penambahan material pasang AC ( tambah pipa dan kabel )</p>', NULL, '2', '1', 'uploads/pengeluaran/images/f60c4740ba92bf44ceca734c2ae91b85.jpeg', NULL, '2022-01-21 06:12:49', NULL, '2022-01-21 13:12:49'),
(135, '15', '1', 'Uang Makan 24 Januari 2022', '13', NULL, '50000', '<p>5 org uang makan @ 10.000</p>', NULL, '2', '1', 'uploads/pengeluaran/images/8dae0142b80554d94e10c216d343ac83.jpeg', NULL, '2022-01-25 02:44:21', NULL, '2022-01-25 09:44:21'),
(136, '15', '1', 'Ambil uang keg kelas KB Asma\'', '13', NULL, '885000', '<p>Ambil uang kegiatan KB an. Asma\'</p>', NULL, '2', '1', 'uploads/pengeluaran/images/566f8a96a9b7e8c39c9b4eb1c990cb3d.jpeg', NULL, '2022-01-25 02:47:29', NULL, '2022-01-25 09:47:29'),
(137, '15', '1', 'Uang Makan 13 Desember 2021', '13', NULL, '50000', '<p>5 org uang makan @ 10.000</p>', NULL, '2', '1', 'uploads/pengeluaran/images/dc0a92675c3a2795ec95c1cc1e44478d.jpg', NULL, '2022-01-29 01:01:53', '2022-01-29 01:39:07', '2022-01-29 08:01:53'),
(138, '15', '1', 'Fotocopi Soal OPA tgl 13 Desember 2021', '13', NULL, '26000', '<p>Fc soal OPA </p>', NULL, '2', '1', 'uploads/pengeluaran/images/4b50bd64ec125dca3919ba6b18915df5.jpg', NULL, '2022-01-29 01:41:20', NULL, '2022-01-29 08:41:20'),
(139, '15', '1', 'Ambil tab us mimin 13 des 2021', '13', NULL, '3500000', '<p>Ambil tabungan Us Mimin</p>', NULL, '2', '1', 'uploads/pengeluaran/images/ac77a72ccb15ff2cdd859b54014f9ef8.jpg', NULL, '2022-01-29 01:42:25', NULL, '2022-01-29 08:42:25'),
(140, '15', '1', 'Ambil tab us didin 13 des 2021', '13', NULL, '3500000', '<p>Ambil tab Us Didin</p>', NULL, '2', '1', 'uploads/pengeluaran/images/516fd4b749d6dcb0c8b014282de641ff.jpg', NULL, '2022-01-29 01:44:19', NULL, '2022-01-29 08:44:19'),
(141, '15', '1', 'Uang Makan 25 Januari 2022', '13', NULL, '50000', '<p>5 org uang makan @ 10.000</p>', NULL, '2', '1', 'uploads/pengeluaran/images/c5e6a368c4da4d2fa379fc416a6318e7.jpeg', NULL, '2022-02-05 01:56:32', NULL, '2022-02-05 08:56:32'),
(142, '15', '1', 'FC PH Kelas 6 tgl 25 Jan 2022', '13', NULL, '32000', '<p>FC PH kelas 6 : BIN, IPA, IPS</p>', NULL, '2', '1', 'uploads/pengeluaran/images/b111a50c4a4fc266d63bde69d388a802.jpeg', NULL, '2022-02-05 01:58:51', NULL, '2022-02-05 08:58:51'),
(143, '15', '1', 'FC PH Kelas 5 tgl 25 Jan 2022', '13', NULL, '40000', '<p>FC PH Kelas 5 : B. Jawa</p>', NULL, '2', '1', 'uploads/pengeluaran/images/35dfa97231e863b436a0255b4450d5f4.jpeg', NULL, '2022-02-05 01:59:57', NULL, '2022-02-05 08:59:57'),
(144, '15', '1', 'Uang Makan 26 Januari 2022', '13', NULL, '50000', '<p>5 org uang makan @ 10.000</p>', NULL, '2', '1', 'uploads/pengeluaran/images/58b4affd18caea94ee6b01bfc861fdff.jpeg', NULL, '2022-02-07 03:21:24', NULL, '2022-02-07 10:21:24'),
(145, '15', '1', 'Konsumsi unt tamu TK 26 Jan\'22', '13', NULL, '92000', '<p>konsumsi unt tamu TK</p>', NULL, '2', '1', 'uploads/pengeluaran/images/58e249e93b57999a8770a358f024d1b8.jpeg', NULL, '2022-02-07 03:23:18', NULL, '2022-02-07 10:23:18'),
(146, '15', '1', 'FC PH Kelas 4 (IPS,BIN) tgl 26 Jan 22', '13', NULL, '42000', '<p>FC PH kelas 4 : IPS, BIN tema 6</p>', NULL, '2', '1', 'uploads/pengeluaran/images/30a2aa44372c647ce68f394e921ac995.jpeg', NULL, '2022-02-07 03:25:09', NULL, '2022-02-07 10:25:09'),
(147, '15', '1', 'FC PH Kelas 4 (MTK,PPKN) tgl 26 Jan 22', '13', NULL, '56000', '<p>FC PH Kelas 4 : MTK, PPKN tema 6</p>', NULL, '2', '1', 'uploads/pengeluaran/images/d4cea5c010f043135ecaa6e70ac4ba6c.jpeg', NULL, '2022-02-07 03:26:49', NULL, '2022-02-07 10:26:49'),
(148, '15', '1', 'Ambil tab us sita 26 januari 2022', '13', NULL, '500000', '<p>Ambil tabungan Us Sita</p>', NULL, '2', '1', 'uploads/pengeluaran/images/a5302696bbfbbabd80eb9e8ccdda3302.jpeg', NULL, '2022-02-07 03:27:54', NULL, '2022-02-07 10:27:54'),
(149, '15', '1', 'Ambil tab us titis 26 januari 2022', '13', NULL, '100000', '<p>Ambil tabungan Us Titis</p>', NULL, '2', '1', 'uploads/pengeluaran/images/c40a0dbd373f0621a312096afe84189f.jpeg', NULL, '2022-02-07 03:30:01', NULL, '2022-02-07 10:30:01'),
(150, '15', '1', 'Pembersih Lantai TK tgl 27 Jan 22', '13', NULL, '15000', '<p>Pembersih lantai unt TK</p>', NULL, '2', '1', 'uploads/pengeluaran/images/e74f2596bf7588a67f4dedc376174b9d.jpeg', NULL, '2022-02-07 03:40:04', NULL, '2022-02-07 10:40:04'),
(151, '15', '1', 'Ust Ira pinjam uang tgl 27 Jan 22', '13', NULL, '400000', '<p>Us Ira pinjam uang unt beli tanaman Hidroponik<br><br>NOTE  : uang sdh dikembalikan tgl 29 Jan 22</p>', NULL, '2', '1', 'uploads/pengeluaran/images/22486c909bce16a60f7d761168b2b520.jpeg', NULL, '2022-02-07 03:42:14', NULL, '2022-02-07 10:42:14'),
(152, '15', '1', 'Uang Transport tgl 27 Jan 22', '13', NULL, '30000', '<p>Uang Transport @ 15.000 unt us retno dan us ira sosialisasi sekolah adi wiyata di aula SMPN 19</p>', NULL, '2', '1', 'uploads/pengeluaran/images/3169b2daf92ae6ca927370dee3a11f4e.jpeg', NULL, '2022-02-07 03:47:36', NULL, '2022-02-07 10:47:36'),
(153, '15', '1', 'Uang Makan 27 Januari 2022', '13', NULL, '50000', '<p>5 org uang makan @ 10.000</p>', NULL, '2', '1', 'uploads/pengeluaran/images/c03487c146074184f1b8615e988a8440.jpeg', NULL, '2022-02-07 03:48:30', NULL, '2022-02-07 10:48:30'),
(154, '15', '1', 'Cleo tgl 28 Januari 2022', '13', NULL, '57000', '<p>3 bh Cleo @ 19.000</p>', NULL, '2', '1', 'uploads/pengeluaran/images/863bfb4653ec62d8a43024e9a1b91299.jpeg', NULL, '2022-02-07 03:50:09', NULL, '2022-02-07 10:50:09'),
(155, '15', '1', 'FC PH Kelas 2 (TEMA ST 1) tgl 28 Jan 22', '13', NULL, '29100', '<p>FC PH Kelas 2 : TEMA ST 1</p>', NULL, '2', '1', 'uploads/pengeluaran/images/76f7d3684435dfe09bba1f2d14b962af.jpeg', NULL, '2022-02-07 03:51:41', NULL, '2022-02-07 10:51:41'),
(156, '15', '1', 'FC PH Kelas 2 (TEMA ST 2) tgl 28 Jan 22', '13', NULL, '27500', '<p>FC PH Kelas 2 : TEMA ST 2</p>', NULL, '2', '1', 'uploads/pengeluaran/images/9a3883994f03372303a1fbfed1dd17fa.jpeg', NULL, '2022-02-07 03:53:20', NULL, '2022-02-07 10:53:20'),
(157, '15', '1', 'FC PH Kelas 2 (TEMA ST 3) tgl 28 Jan 22', '13', NULL, '37400', '<p>FC PH Kelas 2 : TEMA ST 3</p>', NULL, '2', '1', 'uploads/pengeluaran/images/889a43d7d08641de22b8c8f9b8ecaf4c.jpeg', NULL, '2022-02-07 03:54:58', NULL, '2022-02-07 10:54:58'),
(158, '15', '1', 'FC PH Kelas 2 (ADAB) tgl 28 Jan 22', '13', NULL, '5500', '<p>FC PH Kelas 2 : ADAB</p>', NULL, '2', '1', 'uploads/pengeluaran/images/4f58cf3ed0ba2d5768bb1a691759d826.jpeg', NULL, '2022-02-07 03:56:30', NULL, '2022-02-07 10:56:30'),
(159, '15', '1', 'FC PH Kelas 2 (LIFE SKILL) tgl 28 Jan 22', '13', NULL, '5500', '<p>FC PH Kelas 2 : Life Skill</p>', NULL, '2', '1', 'uploads/pengeluaran/images/f6180d2b6a70905a840699f393a8a038.jpeg', NULL, '2022-02-07 03:57:55', NULL, '2022-02-07 10:57:55'),
(160, '15', '1', 'FC PH Kelas 3 (TEMA ST 1&2) tgl 28 Jan 22', '13', NULL, '20000', '<p>FC PH Kelas 3 : Tema ST 1 dan 2</p>', NULL, '2', '1', 'uploads/pengeluaran/images/e46def31d18731ee0eba222c372a8a9a.jpeg', NULL, '2022-02-07 04:00:02', NULL, '2022-02-07 11:00:02'),
(161, '15', '1', 'FC PH Kelas 4 (B.ARAB) tgl 28 Jan 22', '13', NULL, '15000', '<p>FC PH Kelas 4 : bhs arab</p>', NULL, '2', '1', 'uploads/pengeluaran/images/e28ed8fca6b609dcf87c8bbca664c610.jpeg', NULL, '2022-02-07 04:03:00', NULL, '2022-02-07 11:03:00'),
(162, '15', '1', 'FC PH Kelas 6 (TIK) tgl 28 Jan 22', '13', NULL, '10000', '<p>FC PH Kelas 6 : TIK</p>', NULL, '2', '1', 'uploads/pengeluaran/images/02e6eb09171b9bde7391110eb8db65eb.jpeg', NULL, '2022-02-07 04:07:33', NULL, '2022-02-07 11:07:33'),
(163, '15', '1', 'Uang Makan 28 Januari 2022', '13', NULL, '50000', '<p>5 org uang makan @ 10.000</p>', NULL, '2', '1', 'uploads/pengeluaran/images/bb94b049acbcc0023ac3909b70988f27.jpeg', NULL, '2022-02-07 04:13:01', NULL, '2022-02-07 11:13:01'),
(164, '15', '1', 'Uang Makan 31 Januari 2022', '13', NULL, '50000', '<p>5 org uang makan @ 10.000</p>', NULL, '2', '1', 'uploads/pengeluaran/images/8860de9dc9924a4600f2f2b2993bbdfc.jpeg', NULL, '2022-02-07 04:22:38', NULL, '2022-02-07 11:22:38'),
(165, '15', '1', 'FC PH Kelas 3 (ADAB,TEMA 5,AKM) tgl 31 Jan 22', '13', NULL, '39500', '<p>FC PH Kelas 3 : Adab, tema 5 dan AKM</p>', NULL, '2', '1', 'uploads/pengeluaran/images/6badeb4a6e6e7615377100c91ef83ebe.jpeg', NULL, '2022-02-07 04:23:51', NULL, '2022-02-07 11:23:51'),
(166, '15', '1', 'Uang Makan 2 Februari 2022', '13', NULL, '48000', '<p>Uang makan 4 org @ 12.000</p>', NULL, '2', '1', 'uploads/pengeluaran/images/b9092ec45d5e2237f5843c5d8145d86c.jpeg', NULL, '2022-02-11 05:18:57', NULL, '2022-02-11 12:18:57'),
(167, '15', '1', 'Uang Makan Guru SMP 2 Februari 2022', '13', NULL, '72000', '<p>Uang makan 6 org guru SMP @ 12.000</p>', NULL, '2', '1', 'uploads/pengeluaran/images/cfe9d5af08e5c39c0b78492286159700.jpeg', NULL, '2022-02-11 05:20:40', NULL, '2022-02-11 12:20:40'),
(168, '15', '1', 'FC PH Kelas 5 (BIN) tgl 2 Feb 22', '13', NULL, '19350', '<p>FC PH Kelas 5 : Bhs. Indonesia</p>', NULL, '2', '1', 'uploads/pengeluaran/images/88aa58ea936f1e0ea209b909d31185c5.jpeg', NULL, '2022-02-11 05:25:45', NULL, '2022-02-11 12:25:45'),
(169, '15', '1', 'FC PH Kelas 5 (PPKN) tgl 2 Feb 22', '13', NULL, '11150', '<p>FC PH Kelas 5 : PPKN</p>', NULL, '2', '1', 'uploads/pengeluaran/images/1c63a9c329600a7c86bdf8d4b2d4ceba.jpeg', NULL, '2022-02-11 05:34:02', NULL, '2022-02-11 12:34:02'),
(170, '15', '1', 'Uang Makan 3 Februari 2022', '13', NULL, '48000', '<p>Uang makan 4 org @ 12.000</p>', NULL, '2', '1', 'uploads/pengeluaran/images/d0cb1ff943d0994ded3c4c54369655b9.jpeg', NULL, '2022-02-11 05:43:43', NULL, '2022-02-11 12:43:43'),
(171, '15', '1', 'FC PH Kelas 5 (TIK,MTK) tgl 3 Feb 22', '13', NULL, '52000', '<p>FC PH kelas 5 : TIK, MTK</p>', NULL, '2', '1', 'uploads/pengeluaran/images/0bac05466ba2bfa131d03e72f5883dee.jpeg', NULL, '2022-02-11 05:44:58', NULL, '2022-02-11 12:44:58'),
(172, '15', '1', 'Konsumsi unt ambil video drone i 7 Feb 22', '13', NULL, '68352', '<p>konsumsi unt pengambilan video drone unt PPDB i</p>', NULL, '2', '1', 'uploads/pengeluaran/images/1897532410012bcbbc9056aecc3a1181.jpeg', NULL, '2022-02-11 05:48:28', NULL, '2022-02-11 12:48:28'),
(173, '15', '1', 'Konsumsi unt ambil video drone ii 7 Feb 22', '13', NULL, '134148', '<p>konsumsi unt pengambilan video drone PPDB ii</p>', NULL, '2', '1', 'uploads/pengeluaran/images/e889cc3db4b4cc962079534441e0bc9a.jpeg', NULL, '2022-02-11 05:49:54', NULL, '2022-02-11 12:49:54'),
(174, '15', '1', 'FC PH Kelas 5 (IPA) tgl 8 Feb 22', '13', NULL, '17000', '<p>FC PH kelas 5 : IPA</p>', NULL, '2', '1', 'uploads/pengeluaran/images/3078bd2ec84b87182841d12c767d4e96.jpeg', NULL, '2022-02-11 05:56:05', NULL, '2022-02-11 12:56:05'),
(175, '15', '1', 'Cleo tgl 9 Februari 2022', '13', NULL, '38000', '<p>2 bh cleo @ 19.000</p>', NULL, '2', '1', 'uploads/pengeluaran/images/b01a340bfe734c6ae765391d409f9bee.jpeg', NULL, '2022-02-12 02:48:36', NULL, '2022-02-12 09:48:36'),
(176, '15', '1', 'Konsumsi unt petugas puskesmas 9 feb\'22', '13', NULL, '67000', '<p>konsumsi unt petugas puskesmas vaksin unt guru dan karyawan</p>', NULL, '2', '1', 'uploads/pengeluaran/images/1a6abbf879b914c85ff6029c0f8ce470.jpeg', NULL, '2022-02-12 02:50:34', NULL, '2022-02-12 09:50:34'),
(177, '15', '1', 'ATK tgl 9 Februari 2022', '13', NULL, '77000', '<p>1 HVS</p><p>2 STAPLES KECIL</p><p>4 BATERAI JAM DINDING</p><p>4 BATERAI REMOTE AC</p><p> </p>', NULL, '2', '1', 'uploads/pengeluaran/images/42d3dacf521cbb103e72b2717ee8995a.jpeg', NULL, '2022-02-12 02:52:49', NULL, '2022-02-12 09:52:49'),
(178, '15', '1', 'FC PH Kelas 3 (TIK,TEMA 6)', '13', NULL, '32000', '<p>FC PH Kelas 3 : TIK dan TEMA 6</p>', NULL, '2', '1', 'uploads/pengeluaran/images/44218923dfdd043813237d99725d7b85.jpeg', NULL, '2022-02-12 02:54:31', NULL, '2022-02-12 09:54:31'),
(179, '15', '1', 'FC PH Kelas 3 (TEMA 5)', '13', NULL, '20000', '<p>FC PH Kelas 3 : TEMA 5 ST 4</p>', NULL, '2', '1', 'uploads/pengeluaran/images/c5cdfd2d38a0f6f7a58c6433db4172a0.jpeg', NULL, '2022-02-12 02:56:04', NULL, '2022-02-12 09:56:04'),
(180, '15', '1', 'Pulsa HP TU tgl 11 Februari 2022', '13', NULL, '14000', '<p>pulsa 2 bh HP TU 5.000 @ 7.000</p>', NULL, '2', '1', 'uploads/pengeluaran/images/f271d11b26193dc0291860ff630747b7.jpeg', NULL, '2022-02-12 02:58:06', NULL, '2022-02-12 09:58:06'),
(181, '15', '1', 'Konsumsi unt tamu Dinas Lingkungan 15 Feb\'22', '13', NULL, '191000', '<p>Konsumsi unt Tamu DInas Lingkungan</p>', NULL, '2', '1', 'uploads/pengeluaran/images/dd88e486a9187df5e0a6f677ab490657.jpeg', NULL, '2022-02-15 06:14:11', NULL, '2022-02-15 13:14:11'),
(182, '15', '1', 'Konsumsi unt tamu Dinas Kehutanan 15 Feb\'22', '13', NULL, '80000', '<p>Konsumsi unt Tamu Dinas Kehutanan</p>', NULL, '2', '1', 'uploads/pengeluaran/images/27dbedf8121d24fd7f0cafcdbfc7fac0.jpeg', NULL, '2022-02-15 06:15:34', NULL, '2022-02-15 13:15:34'),
(183, '15', '1', 'Uang Transport tgl 15 Feb\'22', '13', NULL, '30000', '<p>Uang transport Us Retno dan Us Ira menyerahkan berkas kegiatan Adi WIyata ke Dinas Lingkungan Hidup</p>', NULL, '2', '1', 'uploads/pengeluaran/images/acf690cb255521e88ef9c67f7ef2b734.jpeg', NULL, '2022-02-15 06:17:00', NULL, '2022-02-15 13:17:00'),
(184, '15', '1', 'FC PH Kelas 2 (TEMA 5 ST 4) tgl 15 Feb\'22', '13', NULL, '22000', '<p>FC PH kelas 2 : TEMA 5 ST 4</p>', NULL, '2', '1', 'uploads/pengeluaran/images/f8c97014938b6da5e5c42e8e571e8a45.jpeg', NULL, '2022-02-15 06:19:12', NULL, '2022-02-15 13:19:12'),
(185, '15', '1', 'FC PH Kelas 2 (TEMA 6 ST 1)', '13', NULL, '29500', '<p>FC PH Kelas 2 : TEMA 6 ST 1</p>', NULL, '2', '1', 'uploads/pengeluaran/images/a2f4b44eb8fe42eede865801b0e8259a.jpeg', NULL, '2022-02-15 06:21:30', NULL, '2022-02-15 13:21:30'),
(186, '15', '1', 'Materai tgl 16 februari 2022', '13', NULL, '50000', '<p>5 bh materai @ 10.000</p>', NULL, '2', '1', 'uploads/pengeluaran/images/486cc6fb2fcb33aa8915143e9ef0eff2.jpeg', NULL, '2022-02-16 06:34:23', NULL, '2022-02-16 13:34:23'),
(187, '15', '1', 'FC PH Kelas 3 (ADAB,TEMA 6) tgl 19 feb \'22', '13', NULL, '30000', '<p>FC PH Kelas 3 : ADAB, TEMA 6</p>', NULL, '2', '1', 'uploads/pengeluaran/images/2febce3a19e0ba43f5a2db9856d917f4.jpeg', NULL, '2022-02-22 05:54:39', NULL, '2022-02-22 12:54:39'),
(188, '15', '1', 'Cleo tgl 21 februari 2022', '13', NULL, '57000', '<p>3 bh cleo @ 19.000</p>', NULL, '2', '1', 'uploads/pengeluaran/images/955493acd61e89d69f0609baad9ff47f.jpeg', NULL, '2022-02-22 05:55:24', NULL, '2022-02-22 12:55:24'),
(189, '15', '1', 'Ongkos gojek 23 februari 2022', '13', NULL, '12000', '<p>Ongkir gojek kirim berkas TK (Bu Zuli) ke dinas pendidikan kota</p>', NULL, '2', '1', 'uploads/pengeluaran/images/1111a2e4059668268fd590a2339584ac.jpeg', NULL, '2022-02-23 06:28:43', NULL, '2022-02-23 13:28:43'),
(190, '15', '1', 'Formulir PPDB tgl 23 Februari 2022', '13', NULL, '350000', '<p>100 bh formulir pendaftaran PPDB @ 3.500</p>', NULL, '1', '0', 'uploads/pengeluaran/images/079307db9e58d5bf90859403bc1765cd.jpeg', NULL, NULL, NULL, '2022-02-23 13:31:16'),
(191, '15', '1', 'FC PH Kelas 3 (TEMA 6) tgl 26 Feb 22', '13', NULL, '20000', '<p>FC PH Kelas 3 : Tema 6 Subtema 3</p>', NULL, '2', '1', 'uploads/pengeluaran/images/b18a15449bc564cb06e0cdd197d9862d.jpeg', NULL, '2022-02-26 03:02:28', NULL, '2022-02-26 10:02:28'),
(192, '15', '1', 'FC PH Kelas 3 (TIK) tgl 1 Maret 2022', '13', NULL, '13000', '<p>FC PH Kelas 3 : TIK BAB 6</p>', NULL, '2', '1', 'uploads/pengeluaran/images/ecf57c73e2fce0f088e08370a6454738.jpeg', NULL, '2022-03-01 06:06:33', NULL, '2022-03-01 13:06:33'),
(193, '15', '1', 'FC PH Kelas 3 (TEMA 6 ST 4) tgl 4 Mrt \'22', '13', NULL, '13000', '<p>FC PH Kelas 3 : TEMA 6 ST 4</p>', NULL, '2', '1', 'uploads/pengeluaran/images/6afb54d14efb1bf218fd6599d888b7f9.jpeg', NULL, '2022-03-05 00:47:52', NULL, '2022-03-05 07:47:52'),
(194, '15', '1', 'Tinta Printer tgl 5 Apr 2022', '13', NULL, '475000', '<p>5 bh tinta epson @95.000</p>', NULL, '2', '1', 'uploads/pengeluaran/images/180deef2506bc7d3f45ce40a8277254f.jpeg', NULL, '2022-04-12 03:25:59', NULL, '2022-04-12 10:25:59'),
(195, '15', '1', 'Pulsa HP TU tgl 5 Apr 2022', '13', NULL, '14000', '<p>pulsa unt 2 hp tu @5.000</p>', NULL, '2', '1', 'uploads/pengeluaran/images/c50a0419e1f815979c38f0ad7beb98f3.jpeg', NULL, '2022-04-12 03:27:04', NULL, '2022-04-12 10:27:04'),
(196, '15', '1', 'FC AKM Kelas 4 tgl 5 Apr 2022', '13', NULL, '278000', '<p>FC AKM kelas 4</p>', NULL, '2', '1', 'uploads/pengeluaran/images/41cb72ce2151841b7ced49d1da4470c6.jpeg', NULL, '2022-04-12 03:42:10', NULL, '2022-04-12 10:42:10'),
(197, '15', '1', 'Plastik unt bungkus Toga KBTK', '13', NULL, '38500', '<p>Plastik unt bungkus Toga KBTK</p>', NULL, '2', '1', 'uploads/pengeluaran/images/db5eda0d1415ae718e0f943b6e94fd32.jpeg', NULL, '2022-04-12 03:47:57', NULL, '2022-04-12 10:47:57');
INSERT INTO `pengeluaran` (`id_pengeluaran`, `id_akun_keuangan`, `id_tahun_ajaran`, `nama_pengeluaran`, `jenis_pengeluaran`, `jenjang_pengeluaran`, `nominal_pengeluaran`, `uraian`, `keterangan`, `status_pembayaran`, `status_pengeluaran`, `file_nota`, `file_transfer`, `tanggal_acc`, `updated_at`, `inserted_at`) VALUES
(198, '15', '1', 'Uang Makan Satpam tgl 4-8 Apr 2022', '13', NULL, '120000', '<p>Uang Makan 2 satpam tgl 4 - 8 April 2022</p>', NULL, '2', '1', 'uploads/pengeluaran/images/b3ceff5a24137932a97e7bfb2d490182.jpeg', NULL, '2022-04-12 03:54:09', NULL, '2022-04-12 10:54:09'),
(199, '15', '1', 'Uang Transport Ust Umar tgl 6 Apr 2022', '13', NULL, '30000', '<p>Uang Transport Ust Umar :</p><ul><li>KKG</li><li>MENYUSUN SOAL US</li></ul>', NULL, '2', '1', 'uploads/pengeluaran/images/ae07b0731c9fab5b0fef773062c7a225.jpeg', NULL, '2022-04-12 04:02:59', NULL, '2022-04-12 11:02:59'),
(200, '15', '1', 'FC PH Kelas 4 MTK tgl 6 Apr 2022', '13', NULL, '48000', '<p>FC PH Kelas 4 MTK</p>', NULL, '2', '1', 'uploads/pengeluaran/images/74f2590522cdc7fe150f312f221a3705.jpeg', NULL, '2022-04-12 04:06:00', NULL, '2022-04-12 11:06:00'),
(201, '15', '1', 'FC PH Kelas 2 (TEMA 7 ST 1) tgl 6 Apr 2022', '13', NULL, '22000', '<p>FC PH Kelas 2 ( tema 7 sb 1 )</p>', NULL, '2', '1', 'uploads/pengeluaran/images/baf6a54fbfadd1dc3d8fab0f0312bc5f.jpeg', NULL, '2022-04-12 04:22:55', NULL, '2022-04-12 11:22:55'),
(202, '15', '1', 'FC PH Kelas 2 (TEMA 7 ST2) tgl 6 Apr 2022', '13', NULL, '24500', '<p>FC PH Kelas 2 Tema 7 sb 2</p>', NULL, '2', '1', 'uploads/pengeluaran/images/1abc74fad07ecc0b1abc21c1326ad931.jpeg', NULL, '2022-04-12 04:45:34', NULL, '2022-04-12 11:45:34'),
(203, '15', '1', 'FC PH Kelas 2 (ADAB Bab 8) tgl ', '13', NULL, '6000', '<p>FC PH kelas 2 ADAB bab 8</p>', NULL, '2', '1', 'uploads/pengeluaran/images/289ac7d4742f994ddbbecbf003d16201.jpeg', NULL, '2022-04-12 04:47:13', NULL, '2022-04-12 11:47:13'),
(204, '15', '1', 'FC PH Kelas 3 (TEMA 7 ST 3) tgl 7 Apr 2022', '13', NULL, '21000', '<p>FC PH Kelas 3 (TEMA 7 st 3)</p>', NULL, '2', '1', 'uploads/pengeluaran/images/f8e319232f9974ef2212c7f6f7840ca7.jpeg', NULL, '2022-04-14 02:39:40', NULL, '2022-04-14 09:39:40'),
(205, '15', '1', 'Uang Makan Satpam tgl 11-14 Apr 2022', '13', NULL, '96000', '<p>Uang makan satpam 2 org @ 12.000 tgl 11 - 14 apr 2022</p>', NULL, '2', '1', 'uploads/pengeluaran/images/66bef1af8c16253d85ba7db988d7cc58.jpeg', NULL, '2022-04-14 02:42:58', NULL, '2022-04-14 09:42:58'),
(206, '15', '1', 'Cleo tgl 12 april 2022', '13', NULL, '57000', '<p>3 galon Cleo @ 19.000</p>', NULL, '2', '1', 'uploads/pengeluaran/images/0bd2e1979ee8c3ad7494413faccca5f1.jpeg', NULL, '2022-04-14 02:44:16', NULL, '2022-04-14 09:44:17'),
(207, '15', '1', 'Uang Komite TA 2020/2021', '13', NULL, '1650000', '<p>Uang Komite TA 2020/2021</p>', NULL, '2', '1', 'uploads/pengeluaran/images/5787cf9e0fc12e17df7d5101816c7b50.jpeg', NULL, '2022-04-20 01:49:40', NULL, '2022-04-20 08:49:40'),
(208, '15', '1', 'Uang Komite TA 2021/2022', '13', NULL, '19650000', '<p>Uang Komite TA 2021 / 2022</p>', NULL, '2', '1', 'uploads/pengeluaran/images/ea2ca82337227f2f4905d4826abcf924.jpeg', NULL, '2022-04-20 01:50:42', NULL, '2022-04-20 08:50:42'),
(209, '15', '1', 'FC PH Kelas 3 (TIK & TEMA 7) tgl 19 Apr 2022', '13', NULL, '21500', '<p>FC PH Kelas 3 : TIK dan TEMA 7</p>', NULL, '2', '1', 'uploads/pengeluaran/images/2a454caa440cb45609ae5d99d18571b6.jpeg', NULL, '2022-04-20 01:52:20', NULL, '2022-04-20 08:52:20'),
(210, '15', '1', 'Print PH Kelas 5 IPA IPS', '13', NULL, '6000', '<p>Print PH kelas 5 : IPA IPS</p>', NULL, '2', '1', 'uploads/pengeluaran/images/86359ca08611e29bb5532b0df3fce6da.jpeg', NULL, '2022-04-20 01:53:49', NULL, '2022-04-20 08:53:49'),
(211, '15', '1', 'FC PH Kelas 5 IPA IPS tgl 19 Apr 2022', '13', NULL, '30000', '<p>FC PH Kelas 5 : IPA IPS</p>', NULL, '2', '1', 'uploads/pengeluaran/images/bed30cc35bdd7910f015205a6352ef2f.jpeg', NULL, '2022-04-20 01:56:11', NULL, '2022-04-20 08:56:11'),
(212, '15', '1', 'FC PH Kelas 5 SBDP tgl 19 Apr 2022', '13', NULL, '29000', '<p>FC PH Kelas 5 : SBDP</p>', NULL, '2', '1', 'uploads/pengeluaran/images/3225f541158c2507c799dd4c1ef8cc94.jpeg', NULL, '2022-04-20 01:58:08', NULL, '2022-04-20 08:58:08'),
(213, '15', '1', 'FC PH Kelas 5 B.IND tgl 19 Apr 2022', '13', NULL, '19000', '<p>FC PH Kelas 5 : B.IND</p>', NULL, '2', '1', 'uploads/pengeluaran/images/50570688ac1916274756c04fd4252c5e.jpeg', NULL, '2022-04-20 01:59:33', NULL, '2022-04-20 08:59:33'),
(214, '15', '1', 'FC PH Kelas 5 MTK tgl 19 Apr 2022', '13', NULL, '17000', '<p>FC PH Kelas 5 : MTK</p>', NULL, '2', '1', 'uploads/pengeluaran/images/25adf0324f018f84e90996e38fda7ed1.jpeg', NULL, '2022-04-20 02:00:49', NULL, '2022-04-20 09:00:49'),
(215, '15', '1', 'Uang Makan Satpam tgl 18-22 Apr 2022', '13', NULL, '120000', '<p>Uang makan 2 org satpam tgl 18 - 22 April 2022</p>', NULL, '2', '1', 'uploads/pengeluaran/images/4850ed4ca408d315726da1710c8593d2.jpeg', NULL, '2022-04-20 02:02:10', NULL, '2022-04-20 09:02:10'),
(216, '15', '1', 'Uang Makan Satpam tgl 25 - 29 Apr 2022', '13', '3', '120000', '<p>Uang Makan Satpam tgl 25 - 29 April 2022</p>', NULL, '2', '1', 'uploads/pengeluaran/images/f05ae825776abefe1305477fa5286f08.jpeg', NULL, '2022-05-12 06:02:54', NULL, '2022-05-12 13:02:54'),
(217, '15', '1', 'Uang Makan TU dan Satpam tgl 9 - 10 Mei 2022', '13', '3', '96000', '<p>Uang Makan TU dan Satpam tgl 9 - 10 Mei 2022</p>', NULL, '2', '1', 'uploads/pengeluaran/images/5aed0baee6ecdbb032bbe15c85b31f5b.jpeg', NULL, '2022-05-12 06:07:01', NULL, '2022-05-12 13:07:01'),
(218, '15', '1', 'Pengharum ruangan unt TU tgl 10 Mei 2022', '13', '3', '27400', '<p>Pengharum ruangan ( Stella ) unt TU</p>', NULL, '2', '1', 'uploads/pengeluaran/images/4bd14a3c6aa985813c9291c77cd6fca6.jpeg', NULL, '2022-05-12 06:08:23', NULL, '2022-05-12 13:08:23'),
(219, '15', '1', 'Uang Makan TU dan Satpam tgl 12 Mei 2022', '13', '3', '48000', '<p>Uang makan TU dan Satpam tgl 12 Mei 2022</p>', NULL, '2', '1', 'uploads/pengeluaran/images/96f0859bce4589c36af1e0294e0959f3.jpeg', NULL, '2022-05-13 01:08:34', NULL, '2022-05-13 08:08:34'),
(220, '15', '1', 'Uang Makan Pak Muji tgl 11 Mei 2022', '13', '3', '12000', '<p>Uang makan Pak Muji tgl 11 Mei 2022 ( pak muji tdk ikut acara halal bihalal )</p>', NULL, '2', '1', 'uploads/pengeluaran/images/f590679471826ec5fd00a54aab1969b9.jpeg', NULL, '2022-05-13 01:09:44', NULL, '2022-05-13 08:09:44'),
(221, '15', '1', 'FC PH kelas 2B (TEMA 7) tgl 13 Mei 2022', '13', '3', '22500', '<p>FC PH kelas 2B tema 8</p>', NULL, '2', '1', 'uploads/pengeluaran/images/289dd91368c603010ecc6fc0e0a4e39c.jpeg', NULL, '2022-05-14 01:42:30', NULL, '2022-05-14 08:42:30'),
(222, '15', '1', 'FC PH kelas 2A (ADAB BAB 9) tgl 13 Mei 2022', '13', '3', '6000', '<p>FC PH kelas 2A ADAB bab 9</p>', NULL, '2', '1', 'uploads/pengeluaran/images/29854c2ea3eb3205c1eafa57613bd6af.jpeg', NULL, '2022-05-14 01:43:55', NULL, '2022-05-14 08:43:55'),
(223, '15', '1', 'FC PH Kelas 2A (TEMA 7) tgl 13 Mei 2022', '13', '3', '25400', '<p>FC PH Kelas 2A TEMA 7</p>', NULL, '2', '1', 'uploads/pengeluaran/images/300617d0dfedd39b74407331bb4424b3.jpeg', NULL, '2022-05-14 01:46:36', NULL, '2022-05-14 08:46:36'),
(224, '15', '1', 'FC PH Kelas 2A (TEMA 8) tgl 13 Mei 2022', '13', '3', '25100', '<p>FC PH Kelas 2A TEMA 8</p>', NULL, '2', '1', 'uploads/pengeluaran/images/e44dc01a8549c8e5cb7090ce3c0dc8d4.jpeg', NULL, '2022-05-14 01:48:09', NULL, '2022-05-14 08:48:09'),
(225, '15', '1', 'Uang Makan TU dan Satpam tgl 13 Mei 2022', '13', '3', '48000', '<p>Uang Makan TU dan Satpam tgl 13 Mei 2022</p>', NULL, '2', '1', 'uploads/pengeluaran/images/988f943b6bfcd67a45e0f07840894a61.jpeg', NULL, '2022-05-14 01:49:37', NULL, '2022-05-14 08:49:37'),
(226, '15', '1', 'Uang Makan 5 Guru SD tgl 17 Mei 2022', '13', '3', '60000', '<p>Uang Makan 5 Guru SD @ 12.000</p>', NULL, '2', '1', 'uploads/pengeluaran/images/bda38fb1e2dbc52d8a87b6fc7b6009a3.jpeg', NULL, '2022-05-18 01:10:10', NULL, '2022-05-18 08:10:10'),
(227, '15', '1', 'Dinabol tgl 17 Mei 2022', '13', '4', '20000', '<p>Beli dinabol unt pasang kipas angin SMP</p>', NULL, '2', '1', 'uploads/pengeluaran/images/3d7243c09f1d99038b182f449b2d8b5d.jpeg', NULL, '2022-05-18 06:21:13', NULL, '2022-05-18 13:21:13'),
(228, '15', '1', 'Air Minum tgl 18 Mei 2022', '13', '2', '98000', '<p>3 cleo galon @ 19.000 </p><p>1 club gelas @22.000</p><p>1 aqua galon @19.000</p>', NULL, '2', '1', 'uploads/pengeluaran/images/a335e42444fed7950077b4c9b3ab95bf.jpeg', NULL, '2022-05-19 03:21:19', NULL, '2022-05-19 10:21:19'),
(229, '15', '1', 'Power Supplay tgl 24 Mei 2022', '13', '6', '350000', '<p>Power Supplay unt Komp TU ( Komp Ust Fitri )</p>', NULL, '2', '1', 'uploads/pengeluaran/images/31ff5cb980071bf42bf36690d336aec9.jpeg', NULL, '2022-05-25 02:09:03', NULL, '2022-05-25 09:09:03'),
(230, '15', '1', 'Print PH kelas 5  tgl 24 Mei 2022', '13', '3', '6000', '<p>Print PH Kelas 5 : BIN, IPA, PKN, IPS</p>', NULL, '2', '1', 'uploads/pengeluaran/images/777e6b1ee35f61b0d94bcb661c72da60.jpeg', NULL, '2022-05-25 02:11:49', NULL, '2022-05-25 09:11:49'),
(231, '15', '1', 'FC PH Kelas 5 (BIN) tgl 24 Mei 2022', '13', '3', '17300', '<p>FC PH kelas 5 : BIN</p>', NULL, '2', '1', 'uploads/pengeluaran/images/13c9361974dcb06f7eb2986b6d10f9f2.jpeg', NULL, '2022-05-25 02:13:04', NULL, '2022-05-25 09:13:04'),
(232, '15', '1', 'FC PH Kelas 5 (IPA) tgl 24 Mei 2022', '13', '3', '34400', '<p>FC PH Kelas 5 : IPA</p>', NULL, '2', '1', 'uploads/pengeluaran/images/593eb66c60cae49ad9b853ca7a18d322.jpeg', NULL, '2022-05-25 02:14:55', NULL, '2022-05-25 09:14:55'),
(233, '15', '1', 'FC PH Kelas 5 (PPKN) tgl 24 Mei 2022', '13', '3', '34400', '<p>FC PH Kelas 5 : PKN</p>', NULL, '2', '1', 'uploads/pengeluaran/images/55244088a5db1294059f313f9ae50fe7.jpeg', NULL, '2022-05-25 02:16:46', NULL, '2022-05-25 09:16:46'),
(234, '15', '1', 'FC PH Kelas 5 (IPS) tgl 24 Mei 2022', '13', '3', '34400', '<p>FC PH Kelas 5 : IPS</p>', NULL, '2', '1', 'uploads/pengeluaran/images/bdee04693e587c1cc474086b087a58ed.jpeg', NULL, '2022-05-25 02:18:30', NULL, '2022-05-25 09:18:30'),
(235, '15', '1', 'FC PH Kelas 5 (SBDP,MTK,TIK) tgl 24 Mei 2022', '13', '3', '105000', '<p>FC PH Kelas 5 : SBDP, MTK, TIK</p>', NULL, '2', '1', 'uploads/pengeluaran/images/00150c47c651da534ef03befdcf0e279.jpeg', NULL, '2022-05-25 02:21:41', NULL, '2022-05-25 09:21:41'),
(236, '15', '1', 'FC PH Kelas 4 (TEMA,TIK,PKN,SBDP) tgl 24 Mei 2022', '13', '3', '47000', '<p>FC PH Kelas 4 : TEMA, TIK, SBDP</p>', NULL, '2', '1', 'uploads/pengeluaran/images/2ba6f2add6727b807e4c87a26a7d5ea2.jpeg', NULL, '2022-05-25 02:23:41', NULL, '2022-05-25 09:23:41'),
(237, '15', '1', 'Cleo tgl 25 Mei 2022', '13', '2', '45000', '<p>2 cleo @ 19.000</p><p>1 aqua @ 19.000</p>', NULL, '2', '1', 'uploads/pengeluaran/images/75873337034b5c7761f1a6015b44d0b2.jpeg', NULL, '2022-05-27 02:29:12', NULL, '2022-05-27 09:29:12'),
(238, '15', '1', 'Remote AC tgl 25 Mei 2022', '13', '6', '45000', '<p>1 bh remote ac unt tu</p>', NULL, '2', '1', 'uploads/pengeluaran/images/df6715824f81a51ce8f80c7f5afc9981.jpeg', NULL, '2022-05-27 02:30:40', NULL, '2022-05-27 09:30:40'),
(239, '15', '1', 'Keyboard unt TU ', '13', '3', '150000', '<p>Keyboard unt TU</p>', NULL, '2', '1', 'uploads/pengeluaran/images/3cf1be75b4dfce844b77704e281beecd.jpeg', NULL, '2022-06-30 06:08:35', NULL, '2022-06-30 13:08:35'),
(240, '15', '1', 'Konsumsi unt tamu tgl 4 Juni 2022', '13', '3', '12000', '<p>Konsumsi unt tamu ( Ust Arqom )</p>', NULL, '2', '1', 'uploads/pengeluaran/images/b8d86eeebc428b2dcbf1634509942790.jpeg', NULL, '2022-06-30 06:10:30', NULL, '2022-06-30 13:10:30'),
(241, '15', '1', 'Uang Makan TU dan Satpam tgl 6 - 10 Juni 2022', '13', '3', '240000', '<p>Uang makan TU dan Satpam tgl 6 - 10 Juni 2022 @12.000</p>', NULL, '2', '1', 'uploads/pengeluaran/images/d33c24299ec83527def00d007731280a.jpeg', NULL, '2022-06-30 06:12:18', NULL, '2022-06-30 13:12:18'),
(242, '15', '1', 'Tisu unt TU tgl 7 Juni 2022', '13', '3', '23000', '<p>Tisu unt TU</p>', NULL, '2', '1', 'uploads/pengeluaran/images/a146245c64f64d4fc31695f49b995966.jpeg', NULL, '2022-06-30 06:13:52', NULL, '2022-06-30 13:13:52'),
(243, '15', '1', 'Cleo tgl 7 Juni 2022', '13', '2', '57000', '<p>Cleo unt TK, TU dan Satpam</p>', NULL, '2', '1', 'uploads/pengeluaran/images/fe0f10d86371ab6aab9578006e3cbdc5.jpeg', NULL, '2022-06-30 06:15:42', NULL, '2022-06-30 13:15:42'),
(244, '15', '1', 'Service Printer TU', '13', '3', '125000', '<p>Service Printer TU</p>', NULL, '2', '1', 'uploads/pengeluaran/images/87cd46dd73fd0db6bf0e2d0772d6926b.jpeg', NULL, '2022-06-30 06:16:42', NULL, '2022-06-30 13:16:42'),
(245, '15', '1', 'Pulsa HP TU tgl 8 Juni 2022', '13', '3', '14000', '<p>Pulsa HP TU @5.000</p>', NULL, '2', '1', 'uploads/pengeluaran/images/f6563430a11ef6166f56ed7d50ad4966.jpeg', NULL, '2022-06-30 06:19:24', NULL, '2022-06-30 13:19:24'),
(246, '15', '1', 'Ongkos pasang AC ', '13', '3', '250000', '<p>Ongkos pasang AC di TU</p>', NULL, '2', '1', 'uploads/pengeluaran/images/c4970b71d380ee83954d001f3304c7db.jpeg', NULL, '2022-06-30 06:22:14', NULL, '2022-06-30 13:22:14'),
(247, '15', '1', 'Uang Makan TU dan Satpam tgl 13 - 17 Juni 2022', '13', '3', '240000', '<p>Uang makan TU dan Satpam tgl 13 - 17 Juni 2022</p>', NULL, '2', '1', 'uploads/pengeluaran/images/b858b3e314ff15bebd4503d06f55fb22.jpeg', NULL, '2022-06-30 06:25:34', NULL, '2022-06-30 13:25:34'),
(248, '15', '1', 'FC PH Kelas 2 ( TEMA 8 SB 1 ) Tgl 14 Juni 2022', '13', '3', '13100', '<p>FC PH kelas 2 ( tema 8 sb 1 )</p>', NULL, '2', '1', 'uploads/pengeluaran/images/1306ad5b97ceec7df6483ccb8900a156.jpeg', NULL, '2022-06-30 06:34:43', NULL, '2022-06-30 13:34:43'),
(249, '15', '1', 'FC PH Kelas 2 ( TEMA 8 SB 4 ) Tgl 14 Juni 2022', '13', '3', '21800', '<p>FC PH Kelas 2 ( TEMA 8 SB 4 )</p>', NULL, '2', '1', 'uploads/pengeluaran/images/3f46df8cac3674324b801a9cb29b3b34.jpeg', NULL, '2022-06-30 06:36:20', NULL, '2022-06-30 13:36:20'),
(250, '15', '1', 'FC PH Kelas 2 ( TEMA 8 SB 3 ) Tgl 14 Juni 2022', '13', '3', '29000', '<p>FC PH Kelas 2 ( TEMA 8 SB 3 )</p>', NULL, '2', '1', 'uploads/pengeluaran/images/717e8824339580fb07f66b18d56e320a.jpeg', NULL, '2022-06-30 06:37:46', NULL, '2022-06-30 13:37:46'),
(251, '15', '1', 'FC PH Kelas 2 ( ADAB ) Tgl 14 Juni 2022', '13', '3', '7100', '<p>FC PH Kelas 2 ( ADAB )</p>', NULL, '2', '1', 'uploads/pengeluaran/images/35f22983c5568e1714d7145f1d32502c.jpeg', NULL, '2022-06-30 06:38:53', NULL, '2022-06-30 13:38:53'),
(252, '15', '1', 'Printer TU Epson L 3210', '13', '3', '2450000', '<p>Printer TU Epson L3210 + ONGKIR</p>', NULL, '2', '1', 'uploads/pengeluaran/images/44de9c2c9ef0adcc7093dfcaff4c6fd3.jpeg', NULL, '2022-06-30 06:42:07', NULL, '2022-06-30 13:42:07'),
(253, '15', '1', 'Cleo tgl 21 Juni 2022', '13', '2', '57000', '<p>Cleo unt TK, TU dan Satpam</p>', NULL, '2', '1', 'uploads/pengeluaran/images/bd0996fe8ded73d4ef35c8884e830fe0.jpeg', NULL, '2022-06-30 06:50:32', NULL, '2022-06-30 13:50:32'),
(254, '15', '1', 'Uang Makan TU dan Satpam tgl 20 - 24 Juni 2022', '13', '3', '240000', '<p>Uang makan TU dan Satpam tgl 20 - 24 Juni 2022</p>', NULL, '2', '1', 'uploads/pengeluaran/images/3df24ca9dfb44bf8e064385d2705d22d.jpeg', NULL, '2022-06-30 06:51:32', NULL, '2022-06-30 13:51:32'),
(255, '15', '1', 'Fee unt Pemateri Raker tgl 27 Juni 2022', '13', '3', '2000000', '<p>Fee unt Pemateri Raker</p>', NULL, '2', '1', 'uploads/pengeluaran/images/90b1db4587e9932663f481210fdfe903.jpeg', NULL, '2022-06-30 06:55:48', NULL, '2022-06-30 13:55:48'),
(256, '15', '1', 'Uang Makan TU dan Satpam tgl 27 Juni - 1 Juli 2022', '13', '3', '240000', '<p>Uang Makan TU dan Satpam tgl 27 Juni - 1 Juli 2022</p>', NULL, '2', '1', 'uploads/pengeluaran/images/d2f82d7bddc6a2b9b6a20a9a365785be.jpeg', NULL, '2022-06-30 06:56:54', NULL, '2022-06-30 13:56:54');

-- --------------------------------------------------------

--
-- Table structure for table `struktur_akun_keuangan`
--

CREATE TABLE `struktur_akun_keuangan` (
  `id_struktur` int(15) NOT NULL,
  `id_role_struktur` varchar(5) DEFAULT NULL,
  `nama_struktur` text DEFAULT NULL,
  `updated_at` datetime DEFAULT NULL,
  `inserted_at` datetime NOT NULL DEFAULT current_timestamp(),
  `status_struktur` varchar(5) DEFAULT '1'
) ENGINE=InnoDB DEFAULT CHARSET=latin1;

--
-- Dumping data for table `struktur_akun_keuangan`
--

INSERT INTO `struktur_akun_keuangan` (`id_struktur`, `id_role_struktur`, `nama_struktur`, `updated_at`, `inserted_at`, `status_struktur`) VALUES
(1, '1', 'PEMBINA YAYASAN', NULL, '2021-10-19 18:34:20', '1'),
(2, '2', 'KETUA YAYASAN', '2021-10-19 13:36:17', '2021-10-19 18:34:31', '1'),
(3, '3', 'PENGAWAS YAYASAN', NULL, '2021-10-19 18:34:40', '1'),
(4, '4', 'SEKERTARIS YAYASAN', NULL, '2021-10-19 18:34:56', '1'),
(5, '5', 'BENDAHARA YAYASAN', NULL, '2021-10-19 18:35:08', '1'),
(6, '6', 'BIDANG PENDIDIKAN', NULL, '2021-10-19 18:35:32', '1'),
(7, '6', 'BIDANG KEAGAMAAN', NULL, '2021-10-19 18:35:46', '1'),
(8, '6', 'BIDANG SOSIAL', NULL, '2021-10-19 18:36:32', '1'),
(9, '6', 'BIDANG SARPRAS', NULL, '2021-10-19 18:37:06', '1'),
(10, '6', 'BIDANG DANA USAHA', NULL, '2021-10-19 18:37:42', '1'),
(11, '7', 'PEGAWAI SEKOLAH', '2021-10-19 13:38:26', '2021-10-19 18:37:54', '1'),
(12, '8', 'KOMITE SEKOLAH', NULL, '2021-10-19 18:38:18', '1'),
(13, '9', 'DU/KEGIATAN', '2021-11-04 13:39:21', '2021-11-04 12:55:31', '1');

-- --------------------------------------------------------

--
-- Table structure for table `tahun_ajaran`
--

CREATE TABLE `tahun_ajaran` (
  `id_tahun_ajaran` int(10) NOT NULL,
  `nama_tahun_ajaran` text DEFAULT NULL,
  `semester` text DEFAULT NULL,
  `tahun_awal` year(4) DEFAULT NULL,
  `tahun_akhir` year(4) DEFAULT NULL,
  `updated_at` datetime DEFAULT NULL,
  `inserted_at` datetime NOT NULL DEFAULT current_timestamp(),
  `status_tahun_ajaran` varchar(5) NOT NULL DEFAULT '0'
) ENGINE=InnoDB DEFAULT CHARSET=latin1;

--
-- Dumping data for table `tahun_ajaran`
--

INSERT INTO `tahun_ajaran` (`id_tahun_ajaran`, `nama_tahun_ajaran`, `semester`, `tahun_awal`, `tahun_akhir`, `updated_at`, `inserted_at`, `status_tahun_ajaran`) VALUES
(1, 'Tahun Ajaran 2021/2022 Semester ganjil', 'ganjil', 2021, 2022, NULL, '2021-09-12 21:44:27', '1'),
(2, 'Tahun Ajaran 2021/2022 Semester genap', 'genap', 2021, 2022, NULL, '2021-09-12 21:44:40', '0'),
(3, 'Tahun Ajaran 2022/2023 Semester ganjil', 'ganjil', 2022, 2023, NULL, '2021-09-12 21:45:21', '0'),
(4, 'Tahun Ajaran 2022/2023 Semester genap', 'genap', 2022, 2023, NULL, '2021-09-12 21:45:28', '0'),
(5, 'Tahun Ajaran 2023/2024 Semester ganjil', 'ganjil', 2023, 2024, NULL, '2021-09-12 21:45:45', '0'),
(6, 'Tahun Ajaran 2023/2024 Semester genap', 'genap', 2023, 2024, NULL, '2021-09-12 21:45:59', '0'),
(8, 'Tahun Ajaran 2024/2025 Semester ganjil', 'ganjil', 2024, 2025, NULL, '2021-09-29 04:52:08', '0'),
(9, 'Tahun Ajaran 2024/2025 Semester genap', 'genap', 2024, 2025, NULL, '2021-09-29 04:52:27', '0');

--
-- Indexes for dumped tables
--

--
-- Indexes for table `akun_keuangan`
--
ALTER TABLE `akun_keuangan`
  ADD PRIMARY KEY (`id_akun_keuangan`);

--
-- Indexes for table `anggaran`
--
ALTER TABLE `anggaran`
  ADD PRIMARY KEY (`id_anggaran`);

--
-- Indexes for table `bukti`
--
ALTER TABLE `bukti`
  ADD PRIMARY KEY (`id_bukti`);

--
-- Indexes for table `general_page`
--
ALTER TABLE `general_page`
  ADD PRIMARY KEY (`id_general_page`);

--
-- Indexes for table `kontak`
--
ALTER TABLE `kontak`
  ADD PRIMARY KEY (`id_kontak`);

--
-- Indexes for table `mailer_config`
--
ALTER TABLE `mailer_config`
  ADD PRIMARY KEY (`id_mailer`);

--
-- Indexes for table `pengeluaran`
--
ALTER TABLE `pengeluaran`
  ADD PRIMARY KEY (`id_pengeluaran`);

--
-- Indexes for table `struktur_akun_keuangan`
--
ALTER TABLE `struktur_akun_keuangan`
  ADD PRIMARY KEY (`id_struktur`);

--
-- Indexes for table `tahun_ajaran`
--
ALTER TABLE `tahun_ajaran`
  ADD PRIMARY KEY (`id_tahun_ajaran`);

--
-- AUTO_INCREMENT for dumped tables
--

--
-- AUTO_INCREMENT for table `akun_keuangan`
--
ALTER TABLE `akun_keuangan`
  MODIFY `id_akun_keuangan` int(15) NOT NULL AUTO_INCREMENT, AUTO_INCREMENT=24;

--
-- AUTO_INCREMENT for table `anggaran`
--
ALTER TABLE `anggaran`
  MODIFY `id_anggaran` int(15) NOT NULL AUTO_INCREMENT, AUTO_INCREMENT=149;

--
-- AUTO_INCREMENT for table `bukti`
--
ALTER TABLE `bukti`
  MODIFY `id_bukti` int(11) NOT NULL AUTO_INCREMENT, AUTO_INCREMENT=91;

--
-- AUTO_INCREMENT for table `general_page`
--
ALTER TABLE `general_page`
  MODIFY `id_general_page` int(15) NOT NULL AUTO_INCREMENT, AUTO_INCREMENT=2;

--
-- AUTO_INCREMENT for table `kontak`
--
ALTER TABLE `kontak`
  MODIFY `id_kontak` int(15) NOT NULL AUTO_INCREMENT, AUTO_INCREMENT=3;

--
-- AUTO_INCREMENT for table `mailer_config`
--
ALTER TABLE `mailer_config`
  MODIFY `id_mailer` int(15) NOT NULL AUTO_INCREMENT, AUTO_INCREMENT=3;

--
-- AUTO_INCREMENT for table `pengeluaran`
--
ALTER TABLE `pengeluaran`
  MODIFY `id_pengeluaran` int(15) NOT NULL AUTO_INCREMENT, AUTO_INCREMENT=257;

--
-- AUTO_INCREMENT for table `struktur_akun_keuangan`
--
ALTER TABLE `struktur_akun_keuangan`
  MODIFY `id_struktur` int(15) NOT NULL AUTO_INCREMENT, AUTO_INCREMENT=14;

--
-- AUTO_INCREMENT for table `tahun_ajaran`
--
ALTER TABLE `tahun_ajaran`
  MODIFY `id_tahun_ajaran` int(10) NOT NULL AUTO_INCREMENT, AUTO_INCREMENT=10;
COMMIT;

/*!40101 SET CHARACTER_SET_CLIENT=@OLD_CHARACTER_SET_CLIENT */;
/*!40101 SET CHARACTER_SET_RESULTS=@OLD_CHARACTER_SET_RESULTS */;
/*!40101 SET COLLATION_CONNECTION=@OLD_COLLATION_CONNECTION */;
